/*******************************************************************************
 * Size: 48 px
 * Bpp: 2
 * Opts: --bpp 2 --size 48 --no-compress --stride 1 --align 1 --font Alte-DIN-1451-Mittelschrift.ttf.woff --range 32-127 --format lvgl -o din1451_48.c
 ******************************************************************************/

#ifdef __has_include
    #if __has_include("lvgl.h")
        #ifndef LV_LVGL_H_INCLUDE_SIMPLE
            #define LV_LVGL_H_INCLUDE_SIMPLE
        #endif
    #endif
#endif

#ifdef LV_LVGL_H_INCLUDE_SIMPLE
    #include "lvgl.h"
#else
    #include "lvgl/lvgl.h"
#endif



#ifndef DIN1451_48
#define DIN1451_48 1
#endif

#if DIN1451_48

/*-----------------
 *    BITMAPS
 *----------------*/

/*Store the image of the glyphs*/
static LV_ATTRIBUTE_LARGE_CONST const uint8_t glyph_bitmap[] = {
    /* U+0020 " " */

    /* U+0021 "!" */
    0xff, 0xf6, 0xff, 0xcb, 0xff, 0x2f, 0xfc, 0xbf,
    0xf1, 0xff, 0xc7, 0xff, 0x1f, 0xfc, 0x3f, 0xe0,
    0xff, 0x83, 0xfe, 0xf, 0xf4, 0x3f, 0xd0, 0xff,
    0x43, 0xfd, 0xb, 0xf0, 0x2f, 0xc0, 0xbf, 0x2,
    0xfc, 0x7, 0xf0, 0x1f, 0xc0, 0x7f, 0x1, 0xf8,
    0x3, 0xe0, 0xf, 0x80, 0x3d, 0x0, 0x0, 0x0,
    0x0, 0x0, 0x0, 0x0, 0x3, 0xfe, 0xf, 0xf8,
    0x3f, 0xe0, 0xff, 0x83, 0xfe, 0x0,

    /* U+0022 "\"" */
    0xfe, 0xb, 0xff, 0xe0, 0xbf, 0xfe, 0xb, 0xff,
    0xe0, 0xbf, 0xfe, 0xb, 0xff, 0xe0, 0xbf, 0xfe,
    0xb, 0xff, 0xe0, 0xbf, 0xa9, 0x6, 0xa0,

    /* U+0023 "#" */
    0x0, 0x1, 0xfd, 0x0, 0xff, 0x0, 0x0, 0x7,
    0xf4, 0x3, 0xfc, 0x0, 0x0, 0x2f, 0xc0, 0xf,
    0xe0, 0x0, 0x0, 0xbf, 0x0, 0x3f, 0x80, 0x0,
    0x3, 0xfc, 0x1, 0xfd, 0x0, 0x0, 0xf, 0xf0,
    0x7, 0xf4, 0x0, 0x0, 0x3f, 0x80, 0x2f, 0xc0,
    0x0, 0x0, 0xfe, 0x0, 0xff, 0x0, 0x0, 0x7,
    0xf4, 0x3, 0xfc, 0x0, 0x0, 0x1f, 0xd0, 0xf,
    0xe0, 0x0, 0x0, 0xbf, 0x0, 0x3f, 0x80, 0x7,
    0xff, 0xff, 0xff, 0xff, 0xff, 0x1f, 0xff, 0xff,
    0xff, 0xff, 0xfc, 0x7f, 0xff, 0xff, 0xff, 0xff,
    0xf0, 0x1, 0xfe, 0x0, 0xbf, 0x40, 0x0, 0x3,
    0xf8, 0x3, 0xfc, 0x0, 0x0, 0x1f, 0xd0, 0xf,
    0xf0, 0x0, 0x0, 0xbf, 0x0, 0x3f, 0x80, 0x0,
    0x2, 0xfc, 0x0, 0xfe, 0x0, 0x0, 0xf, 0xf0,
    0x7, 0xf4, 0x0, 0x0, 0x3f, 0xc0, 0x2f, 0xc0,
    0x3, 0xff, 0xff, 0xff, 0xff, 0xff, 0x8f, 0xff,
    0xff, 0xff, 0xff, 0xfe, 0x3f, 0xff, 0xff, 0xff,
    0xff, 0xf8, 0x0, 0xbf, 0x40, 0x3f, 0xc0, 0x0,
    0x2, 0xfc, 0x0, 0xfe, 0x0, 0x0, 0xb, 0xf0,
    0x7, 0xf4, 0x0, 0x0, 0x3f, 0xc0, 0x1f, 0xd0,
    0x0, 0x0, 0xfe, 0x0, 0xbf, 0x0, 0x0, 0x3,
    0xf8, 0x2, 0xfc, 0x0, 0x0, 0x1f, 0xd0, 0xf,
    0xf0, 0x0, 0x0, 0x7f, 0x40, 0x3f, 0xc0, 0x0,
    0x2, 0xfc, 0x0, 0xfe, 0x0, 0x0, 0xb, 0xf0,
    0x3, 0xf8, 0x0, 0x0, 0x3f, 0xc0, 0x1f, 0xd0,
    0x0, 0x0,

    /* U+0024 "$" */
    0x0, 0x0, 0xb, 0x80, 0x0, 0x0, 0x0, 0x0,
    0xbc, 0x0, 0x0, 0x0, 0x0, 0xb, 0xc0, 0x0,
    0x0, 0x0, 0x0, 0xbc, 0x0, 0x0, 0x0, 0x1,
    0xbf, 0xfe, 0x40, 0x0, 0x0, 0xff, 0xff, 0xff,
    0x40, 0x0, 0x7f, 0xff, 0xff, 0xff, 0x0, 0xf,
    0xff, 0xff, 0xff, 0xf8, 0x3, 0xff, 0xff, 0xef,
    0xff, 0x0, 0x3f, 0xf4, 0xbc, 0x1f, 0xc0, 0xb,
    0xfe, 0xb, 0xc0, 0x14, 0x0, 0xff, 0xc0, 0xbc,
    0x0, 0x0, 0xf, 0xfc, 0xb, 0xc0, 0x0, 0x0,
    0xff, 0xc0, 0xbc, 0x0, 0x0, 0xf, 0xfc, 0xb,
    0xc0, 0x0, 0x0, 0xff, 0xc0, 0xbc, 0x0, 0x0,
    0xb, 0xfe, 0xb, 0xc0, 0x0, 0x0, 0x7f, 0xf8,
    0xbc, 0x0, 0x0, 0x3, 0xff, 0xff, 0xc0, 0x0,
    0x0, 0x1f, 0xff, 0xff, 0x90, 0x0, 0x0, 0xbf,
    0xff, 0xff, 0xc0, 0x0, 0x2, 0xff, 0xff, 0xff,
    0x40, 0x0, 0x2, 0xff, 0xff, 0xfd, 0x0, 0x0,
    0x1, 0xff, 0xff, 0xf0, 0x0, 0x0, 0xb, 0xdb,
    0xff, 0x80, 0x0, 0x0, 0xbc, 0x2f, 0xfc, 0x0,
    0x0, 0xb, 0xc0, 0xff, 0xd0, 0x0, 0x0, 0xbc,
    0xb, 0xfd, 0x0, 0x0, 0xb, 0xc0, 0x7f, 0xe0,
    0x0, 0x0, 0xbc, 0x7, 0xfd, 0x0, 0x0, 0xb,
    0xc0, 0xbf, 0xd0, 0x34, 0x0, 0xbc, 0xf, 0xfc,
    0xf, 0xe0, 0xb, 0xc1, 0xff, 0xc2, 0xff, 0xd0,
    0xbc, 0x7f, 0xf8, 0x7f, 0xff, 0xff, 0xff, 0xff,
    0x1, 0xff, 0xff, 0xff, 0xff, 0xc0, 0x3, 0xff,
    0xff, 0xff, 0xf4, 0x0, 0x7, 0xff, 0xff, 0xf8,
    0x0, 0x0, 0x6, 0xff, 0xf8, 0x0, 0x0, 0x0,
    0x0, 0xbc, 0x0, 0x0, 0x0, 0x0, 0xb, 0xc0,
    0x0, 0x0, 0x0, 0x0, 0xbc, 0x0, 0x0, 0x0,
    0x0, 0xb, 0xc0, 0x0, 0x0, 0x0, 0x0, 0xbc,
    0x0, 0x0,

    /* U+0025 "%" */
    0x6, 0xf9, 0x0, 0x0, 0x3f, 0x7, 0xff, 0xd0,
    0x0, 0x2f, 0x43, 0xff, 0xfc, 0x0, 0xf, 0xc1,
    0xf8, 0x2f, 0x40, 0xb, 0xe0, 0x7d, 0x7, 0xd0,
    0x3, 0xf0, 0x2f, 0x0, 0xf8, 0x2, 0xf8, 0xb,
    0xc0, 0x3e, 0x0, 0xfc, 0x2, 0xf0, 0xf, 0x80,
    0x7e, 0x0, 0x7d, 0x7, 0xd0, 0x3f, 0x0, 0x1f,
    0xc3, 0xf4, 0x1f, 0xc0, 0x3, 0xff, 0xfc, 0xf,
    0xd0, 0x0, 0x7f, 0xfd, 0x7, 0xf0, 0x0, 0x2,
    0xa8, 0x3, 0xf4, 0x0, 0x0, 0x0, 0x0, 0xfc,
    0x0, 0x0, 0x0, 0x0, 0xbd, 0x0, 0x0, 0x0,
    0x0, 0x3f, 0x0, 0x0, 0x0, 0x0, 0x2f, 0x80,
    0x0, 0x0, 0x0, 0xf, 0xc0, 0x0, 0x0, 0x0,
    0xb, 0xe0, 0x0, 0x0, 0x0, 0x3, 0xf0, 0x0,
    0x0, 0x0, 0x1, 0xf8, 0x0, 0x0, 0x0, 0x0,
    0xfc, 0x0, 0x0, 0x0, 0x0, 0x7f, 0x1, 0xbe,
    0x40, 0x0, 0x3f, 0x41, 0xff, 0xf4, 0x0, 0x1f,
    0xc0, 0xff, 0xff, 0x0, 0xf, 0xd0, 0x7e, 0xb,
    0xd0, 0x7, 0xf0, 0x1f, 0x41, 0xf4, 0x2, 0xf4,
    0xb, 0xc0, 0x3e, 0x0, 0xfc, 0x2, 0xf0, 0xf,
    0x80, 0xbe, 0x0, 0xbc, 0x3, 0xe0, 0x3f, 0x0,
    0x1f, 0x41, 0xf4, 0x2f, 0x80, 0x7, 0xe0, 0xbd,
    0xf, 0xc0, 0x0, 0xff, 0xff, 0x7, 0xe0, 0x0,
    0x1f, 0xff, 0x43, 0xf0, 0x0, 0x1, 0xfe, 0x40,

    /* U+0026 "&" */
    0x0, 0x0, 0x2f, 0xf9, 0x0, 0x0, 0x0, 0x0,
    0x0, 0x7, 0xff, 0xff, 0x0, 0x0, 0x0, 0x0,
    0x0, 0x7f, 0xff, 0xff, 0x0, 0x0, 0x0, 0x0,
    0x3, 0xff, 0xff, 0xfe, 0x0, 0x0, 0x0, 0x0,
    0x2f, 0xfe, 0x6f, 0xfc, 0x0, 0x0, 0x0, 0x0,
    0xff, 0xc0, 0x1f, 0xf8, 0x0, 0x0, 0x0, 0x7,
    0xfc, 0x0, 0x2f, 0xf0, 0x0, 0x0, 0x0, 0x1f,
    0xf0, 0x0, 0x7f, 0xc0, 0x0, 0x0, 0x0, 0x7f,
    0xc0, 0x2, 0xff, 0x0, 0x0, 0x0, 0x0, 0xff,
    0x40, 0xf, 0xfc, 0x0, 0x0, 0x0, 0x3, 0xff,
    0x0, 0xbf, 0xd0, 0x0, 0x0, 0x0, 0x7, 0xff,
    0x1f, 0xff, 0x0, 0x0, 0x0, 0x0, 0xf, 0xff,
    0xff, 0xf4, 0x0, 0x0, 0x0, 0x0, 0x1f, 0xff,
    0xff, 0x40, 0x0, 0x0, 0x0, 0x0, 0x3f, 0xff,
    0xf0, 0x0, 0x0, 0x0, 0x0, 0x7, 0xff, 0xfe,
    0x0, 0x0, 0x0, 0x0, 0x0, 0xbf, 0xff, 0xfc,
    0x0, 0x0, 0x0, 0x0, 0x7, 0xff, 0xff, 0xfc,
    0x0, 0x0, 0x0, 0x0, 0x3f, 0xf8, 0x3f, 0xf8,
    0x0, 0x0, 0x0, 0x3, 0xff, 0x80, 0x7f, 0xf8,
    0x0, 0x3e, 0x0, 0x1f, 0xf8, 0x0, 0x7f, 0xf4,
    0x1, 0xff, 0x80, 0xbf, 0xc0, 0x0, 0xbf, 0xf0,
    0xb, 0xfd, 0x3, 0xfe, 0x0, 0x0, 0xff, 0xf0,
    0x3f, 0xf0, 0xf, 0xf4, 0x0, 0x0, 0xff, 0xf3,
    0xff, 0x40, 0x3f, 0xd0, 0x0, 0x0, 0xff, 0xff,
    0xfc, 0x0, 0xff, 0x40, 0x0, 0x1, 0xff, 0xff,
    0xc0, 0x3, 0xfe, 0x0, 0x0, 0x1, 0xff, 0xfe,
    0x0, 0xb, 0xfc, 0x0, 0x0, 0x3, 0xff, 0xe0,
    0x0, 0x1f, 0xfc, 0x0, 0x0, 0x2f, 0xff, 0xc0,
    0x0, 0x3f, 0xfc, 0x0, 0x7, 0xff, 0xff, 0xc0,
    0x0, 0x3f, 0xfe, 0x56, 0xff, 0xff, 0xff, 0x80,
    0x0, 0x7f, 0xff, 0xff, 0xff, 0xfb, 0xff, 0x40,
    0x0, 0x7f, 0xff, 0xff, 0xfd, 0xb, 0xff, 0x0,
    0x0, 0x3f, 0xff, 0xff, 0x80, 0xf, 0xff, 0x0,
    0x0, 0xb, 0xff, 0x90, 0x0, 0xf, 0xff, 0x0,

    /* U+0027 "'" */
    0x0, 0x0, 0x1d, 0xb, 0xd3, 0xfd, 0xbf, 0xdb,
    0xfd, 0xbf, 0xdb, 0xfd, 0xbf, 0xd0,

    /* U+0028 "(" */
    0x0, 0x0, 0xf0, 0x0, 0xb, 0xc0, 0x0, 0x7d,
    0x0, 0x3, 0xf0, 0x0, 0x3f, 0x80, 0x1, 0xfd,
    0x0, 0xf, 0xf0, 0x0, 0x7f, 0x80, 0x3, 0xfd,
    0x0, 0xf, 0xf0, 0x0, 0x7f, 0xc0, 0x3, 0xfe,
    0x0, 0xf, 0xf4, 0x0, 0x7f, 0xd0, 0x2, 0xff,
    0x0, 0xb, 0xfc, 0x0, 0x3f, 0xf0, 0x0, 0xff,
    0xc0, 0x3, 0xff, 0x0, 0xf, 0xfc, 0x0, 0x3f,
    0xf0, 0x0, 0xff, 0xc0, 0x3, 0xff, 0x0, 0xf,
    0xfc, 0x0, 0x2f, 0xf0, 0x0, 0x7f, 0xc0, 0x0,
    0xff, 0x40, 0x3, 0xfd, 0x0, 0xb, 0xf8, 0x0,
    0x1f, 0xf0, 0x0, 0x3f, 0xc0, 0x0, 0xbf, 0x40,
    0x0, 0xfe, 0x0, 0x2, 0xfc, 0x0, 0x3, 0xf4,
    0x0, 0xb, 0xe0, 0x0, 0xf, 0xc0, 0x0, 0x1f,
    0x80, 0x0, 0x1f, 0x0, 0x0, 0x28,

    /* U+0029 ")" */
    0xf4, 0x0, 0x7, 0xc0, 0x0, 0x3f, 0x0, 0x2,
    0xf8, 0x0, 0xf, 0xc0, 0x0, 0xfe, 0x0, 0xb,
    0xf4, 0x0, 0x7f, 0x80, 0x3, 0xfc, 0x0, 0x2f,
    0xe0, 0x1, 0xff, 0x0, 0xf, 0xf0, 0x0, 0xff,
    0x40, 0xf, 0xf8, 0x0, 0xbf, 0xc0, 0xb, 0xfc,
    0x0, 0xbf, 0xd0, 0x7, 0xfd, 0x0, 0x7f, 0xd0,
    0x7, 0xfd, 0x0, 0x7f, 0xd0, 0x7, 0xfd, 0x0,
    0x7f, 0xd0, 0xb, 0xfc, 0x0, 0xbf, 0xc0, 0xf,
    0xfc, 0x0, 0xff, 0x80, 0xf, 0xf4, 0x1, 0xff,
    0x0, 0x1f, 0xf0, 0x2, 0xfd, 0x0, 0x3f, 0xc0,
    0x7, 0xf8, 0x0, 0xbf, 0x0, 0xf, 0xe0, 0x1,
    0xfc, 0x0, 0x2f, 0x40, 0x3, 0xe0, 0x0, 0xbc,
    0x0, 0xa, 0x0, 0x0,

    /* U+002A "*" */
    0x0, 0xf, 0xc0, 0x0, 0x0, 0x3f, 0x0, 0x0,
    0x40, 0xfc, 0x4, 0x7, 0xc3, 0xf0, 0xf4, 0x3f,
    0xef, 0xef, 0xf0, 0x3f, 0xff, 0xff, 0x0, 0x1f,
    0xff, 0xd0, 0x0, 0x2f, 0xfe, 0x0, 0x7, 0xff,
    0xff, 0x40, 0xff, 0xff, 0xff, 0x82, 0xf8, 0xfc,
    0xbe, 0x2, 0x3, 0xf0, 0x20, 0x0, 0xf, 0xc0,
    0x0, 0x0, 0x3f, 0x0, 0x0, 0x0, 0x54, 0x0,
    0x0,

    /* U+002B "+" */
    0x0, 0x0, 0x7, 0xf4, 0x0, 0x0, 0x0, 0x0,
    0x1, 0xfd, 0x0, 0x0, 0x0, 0x0, 0x0, 0x7f,
    0x40, 0x0, 0x0, 0x0, 0x0, 0x1f, 0xd0, 0x0,
    0x0, 0x0, 0x0, 0x7, 0xf4, 0x0, 0x0, 0x0,
    0x0, 0x1, 0xfd, 0x0, 0x0, 0x0, 0x0, 0x0,
    0x7f, 0x40, 0x0, 0x0, 0x0, 0x0, 0x1f, 0xd0,
    0x0, 0x0, 0x0, 0x0, 0x7, 0xf4, 0x0, 0x0,
    0x0, 0x0, 0x1, 0xfd, 0x0, 0x0, 0x0, 0x0,
    0x0, 0x7f, 0x40, 0x0, 0x2, 0xff, 0xff, 0xff,
    0xff, 0xff, 0xfe, 0xbf, 0xff, 0xff, 0xff, 0xff,
    0xff, 0xaf, 0xff, 0xff, 0xff, 0xff, 0xff, 0xeb,
    0xff, 0xff, 0xff, 0xff, 0xff, 0xf4, 0x0, 0x0,
    0x1f, 0xd0, 0x0, 0x0, 0x0, 0x0, 0x7, 0xf4,
    0x0, 0x0, 0x0, 0x0, 0x1, 0xfd, 0x0, 0x0,
    0x0, 0x0, 0x0, 0x7f, 0x40, 0x0, 0x0, 0x0,
    0x0, 0x1f, 0xd0, 0x0, 0x0, 0x0, 0x0, 0x7,
    0xf4, 0x0, 0x0, 0x0, 0x0, 0x1, 0xfd, 0x0,
    0x0, 0x0, 0x0, 0x0, 0x7f, 0x40, 0x0, 0x0,
    0x0, 0x0, 0x1f, 0xd0, 0x0, 0x0, 0x0, 0x0,
    0x7, 0xf4, 0x0, 0x0, 0x0,

    /* U+002C "," */
    0xbf, 0xdb, 0xfd, 0xbf, 0xdb, 0xfd, 0xbf, 0xcb,
    0xf8, 0xbd, 0xa, 0x0, 0x0, 0x0,

    /* U+002D "-" */
    0x7f, 0xff, 0xff, 0xfc, 0x7f, 0xff, 0xff, 0xfc,
    0x7f, 0xff, 0xff, 0xfc, 0x7f, 0xff, 0xff, 0xfc,
    0x7f, 0xff, 0xff, 0xfc,

    /* U+002E "." */
    0xbf, 0xcb, 0xfd, 0xbf, 0xdb, 0xfd, 0xbf, 0xd0,

    /* U+002F "/" */
    0x0, 0x0, 0x1, 0xfd, 0x0, 0x0, 0x2, 0xfc,
    0x0, 0x0, 0x3, 0xfc, 0x0, 0x0, 0x7, 0xf4,
    0x0, 0x0, 0xb, 0xf0, 0x0, 0x0, 0xf, 0xf0,
    0x0, 0x0, 0xf, 0xe0, 0x0, 0x0, 0x2f, 0xc0,
    0x0, 0x0, 0x3f, 0xc0, 0x0, 0x0, 0x3f, 0x80,
    0x0, 0x0, 0xbf, 0x0, 0x0, 0x0, 0xff, 0x0,
    0x0, 0x0, 0xfe, 0x0, 0x0, 0x2, 0xfc, 0x0,
    0x0, 0x3, 0xfc, 0x0, 0x0, 0x3, 0xf8, 0x0,
    0x0, 0xb, 0xf0, 0x0, 0x0, 0xf, 0xf0, 0x0,
    0x0, 0xf, 0xe0, 0x0, 0x0, 0x2f, 0xd0, 0x0,
    0x0, 0x3f, 0xc0, 0x0, 0x0, 0x3f, 0x80, 0x0,
    0x0, 0x7f, 0x40, 0x0, 0x0, 0xff, 0x0, 0x0,
    0x0, 0xfe, 0x0, 0x0, 0x1, 0xfd, 0x0, 0x0,
    0x3, 0xfc, 0x0, 0x0, 0x3, 0xf8, 0x0, 0x0,
    0x7, 0xf4, 0x0, 0x0, 0xf, 0xf0, 0x0, 0x0,
    0xf, 0xe0, 0x0, 0x0, 0x1f, 0xd0, 0x0, 0x0,
    0x3f, 0xc0, 0x0, 0x0, 0x3f, 0x80, 0x0, 0x0,
    0x7f, 0x40, 0x0, 0x0,

    /* U+0030 "0" */
    0x0, 0x1, 0xff, 0xe0, 0x0, 0x0, 0xb, 0xff,
    0xff, 0x80, 0x0, 0xf, 0xff, 0xff, 0xfc, 0x0,
    0xf, 0xff, 0xff, 0xff, 0xc0, 0xb, 0xff, 0xff,
    0xff, 0xfc, 0x7, 0xff, 0xd0, 0x1f, 0xff, 0x42,
    0xff, 0xc0, 0x0, 0xff, 0xe0, 0xff, 0xd0, 0x0,
    0xf, 0xfc, 0x3f, 0xf0, 0x0, 0x3, 0xff, 0xf,
    0xfc, 0x0, 0x0, 0xbf, 0xc3, 0xff, 0x0, 0x0,
    0x2f, 0xf4, 0xff, 0xc0, 0x0, 0xb, 0xfd, 0x3f,
    0xf0, 0x0, 0x2, 0xff, 0x4f, 0xfc, 0x0, 0x0,
    0xbf, 0xd3, 0xff, 0x0, 0x0, 0x2f, 0xf4, 0xff,
    0xc0, 0x0, 0xb, 0xfd, 0x3f, 0xf0, 0x0, 0x2,
    0xff, 0x4f, 0xfc, 0x0, 0x0, 0xbf, 0xd3, 0xff,
    0x0, 0x0, 0x2f, 0xf4, 0xff, 0xc0, 0x0, 0xb,
    0xfd, 0x3f, 0xf0, 0x0, 0x2, 0xff, 0x4f, 0xfc,
    0x0, 0x0, 0xbf, 0xd3, 0xff, 0x0, 0x0, 0x2f,
    0xf4, 0xff, 0xc0, 0x0, 0xb, 0xfd, 0x3f, 0xf0,
    0x0, 0x2, 0xff, 0x4f, 0xfc, 0x0, 0x0, 0xbf,
    0xc3, 0xff, 0x0, 0x0, 0x3f, 0xf0, 0xff, 0xd0,
    0x0, 0xf, 0xfc, 0x2f, 0xfc, 0x0, 0xf, 0xff,
    0x7, 0xff, 0xd0, 0x1f, 0xff, 0x40, 0xff, 0xff,
    0xff, 0xff, 0xc0, 0xf, 0xff, 0xff, 0xff, 0xc0,
    0x0, 0xff, 0xff, 0xff, 0xc0, 0x0, 0xb, 0xff,
    0xff, 0x80, 0x0, 0x0, 0x2f, 0xfe, 0x0, 0x0,

    /* U+0031 "1" */
    0x0, 0xbf, 0xf0, 0x3f, 0xff, 0x1f, 0xff, 0xfb,
    0xff, 0xff, 0xff, 0xff, 0xff, 0xfb, 0xff, 0xfd,
    0x3f, 0xff, 0x3, 0xff, 0x80, 0x3f, 0xf0, 0x3,
    0xff, 0x0, 0x3f, 0xf0, 0x3, 0xff, 0x0, 0x3f,
    0xf0, 0x3, 0xff, 0x0, 0x3f, 0xf0, 0x3, 0xff,
    0x0, 0x3f, 0xf0, 0x3, 0xff, 0x0, 0x3f, 0xf0,
    0x3, 0xff, 0x0, 0x3f, 0xf0, 0x3, 0xff, 0x0,
    0x3f, 0xf0, 0x3, 0xff, 0x0, 0x3f, 0xf0, 0x3,
    0xff, 0x0, 0x3f, 0xf0, 0x3, 0xff, 0x0, 0x3f,
    0xf0, 0x3, 0xff, 0x0, 0x3f, 0xf0, 0x3, 0xff,
    0x0, 0x3f, 0xf0, 0x3, 0xff, 0x0, 0x3f, 0xf0,

    /* U+0032 "2" */
    0x0, 0x2, 0xff, 0x90, 0x0, 0x0, 0xb, 0xff,
    0xff, 0x40, 0x0, 0xf, 0xff, 0xff, 0xf8, 0x0,
    0xf, 0xff, 0xff, 0xff, 0x80, 0xf, 0xff, 0xff,
    0xff, 0xf4, 0x7, 0xff, 0xd0, 0x1f, 0xff, 0x3,
    0xff, 0xc0, 0x0, 0xff, 0xd0, 0xff, 0xc0, 0x0,
    0x1f, 0xf8, 0x7f, 0xf0, 0x0, 0x3, 0xff, 0x1f,
    0xf8, 0x0, 0x0, 0xff, 0xc0, 0x0, 0x0, 0x0,
    0x3f, 0xf0, 0x0, 0x0, 0x0, 0xf, 0xfc, 0x0,
    0x0, 0x0, 0xb, 0xfe, 0x0, 0x0, 0x0, 0x3,
    0xff, 0x40, 0x0, 0x0, 0x3, 0xff, 0xc0, 0x0,
    0x0, 0x2, 0xff, 0xd0, 0x0, 0x0, 0x2, 0xff,
    0xe0, 0x0, 0x0, 0x1, 0xff, 0xf0, 0x0, 0x0,
    0x0, 0xff, 0xf0, 0x0, 0x0, 0x0, 0xff, 0xf4,
    0x0, 0x0, 0x0, 0xbf, 0xf8, 0x0, 0x0, 0x0,
    0x7f, 0xf8, 0x0, 0x0, 0x0, 0x7f, 0xfc, 0x0,
    0x0, 0x0, 0x3f, 0xfc, 0x0, 0x0, 0x0, 0x3f,
    0xfd, 0x0, 0x0, 0x0, 0x2f, 0xfe, 0x0, 0x0,
    0x0, 0x1f, 0xff, 0x0, 0x0, 0x0, 0xf, 0xff,
    0x0, 0x0, 0x0, 0xf, 0xff, 0x0, 0x0, 0x0,
    0xf, 0xff, 0x40, 0x0, 0x0, 0x7, 0xff, 0xff,
    0xff, 0xff, 0xf1, 0xff, 0xff, 0xff, 0xff, 0xfc,
    0x7f, 0xff, 0xff, 0xff, 0xff, 0x1f, 0xff, 0xff,
    0xff, 0xff, 0xc7, 0xff, 0xff, 0xff, 0xff, 0xf0,

    /* U+0033 "3" */
    0x0, 0x2, 0xff, 0xe0, 0x0, 0x0, 0xb, 0xff,
    0xff, 0x80, 0x0, 0xf, 0xff, 0xff, 0xfc, 0x0,
    0xf, 0xff, 0xff, 0xff, 0xc0, 0xb, 0xff, 0xff,
    0xff, 0xf8, 0x3, 0xff, 0xd0, 0x1f, 0xff, 0x42,
    0xff, 0xc0, 0x0, 0xff, 0xe0, 0xff, 0xd0, 0x0,
    0xf, 0xfc, 0x3f, 0xf0, 0x0, 0x3, 0xff, 0x0,
    0x0, 0x0, 0x0, 0xbf, 0xd0, 0x0, 0x0, 0x0,
    0x2f, 0xf4, 0x0, 0x0, 0x0, 0xf, 0xfc, 0x0,
    0x0, 0x0, 0x7, 0xff, 0x0, 0x0, 0x0, 0x7,
    0xff, 0x80, 0x0, 0x1, 0x6f, 0xff, 0xc0, 0x0,
    0x2, 0xff, 0xff, 0xd0, 0x0, 0x0, 0xbf, 0xff,
    0xc0, 0x0, 0x0, 0x2f, 0xff, 0xf8, 0x0, 0x0,
    0xb, 0xff, 0xff, 0x80, 0x0, 0x0, 0x1, 0xff,
    0xf4, 0x0, 0x0, 0x0, 0xb, 0xff, 0x0, 0x0,
    0x0, 0x0, 0xff, 0xc0, 0x0, 0x0, 0x0, 0x1f,
    0xf4, 0x0, 0x0, 0x0, 0x7, 0xfe, 0x0, 0x0,
    0x0, 0x0, 0xff, 0x80, 0x0, 0x0, 0x0, 0x7f,
    0xe3, 0xfe, 0x0, 0x0, 0x1f, 0xf8, 0xff, 0xd0,
    0x0, 0xf, 0xfd, 0x2f, 0xfc, 0x0, 0xb, 0xff,
    0x7, 0xff, 0xd0, 0x1f, 0xff, 0x80, 0xff, 0xff,
    0xff, 0xff, 0xc0, 0xf, 0xff, 0xff, 0xff, 0xd0,
    0x0, 0xff, 0xff, 0xff, 0xd0, 0x0, 0xb, 0xff,
    0xff, 0x80, 0x0, 0x0, 0x2f, 0xfe, 0x0, 0x0,

    /* U+0034 "4" */
    0x0, 0x0, 0x0, 0xff, 0xd0, 0x0, 0x0, 0x0,
    0xb, 0xff, 0x0, 0x0, 0x0, 0x0, 0x3f, 0xf4,
    0x0, 0x0, 0x0, 0x2, 0xff, 0xc0, 0x0, 0x0,
    0x0, 0xf, 0xfd, 0x0, 0x0, 0x0, 0x0, 0x7f,
    0xf0, 0x0, 0x0, 0x0, 0x3, 0xff, 0x80, 0x0,
    0x0, 0x0, 0x1f, 0xfc, 0x0, 0x0, 0x0, 0x0,
    0xff, 0xe0, 0x0, 0x0, 0x0, 0x7, 0xff, 0x0,
    0x0, 0x0, 0x0, 0x3f, 0xf8, 0x0, 0x0, 0x0,
    0x0, 0xff, 0xc0, 0x0, 0x0, 0x0, 0xb, 0xfe,
    0x0, 0x0, 0x0, 0x0, 0x3f, 0xf4, 0x0, 0x0,
    0x0, 0x2, 0xff, 0xc0, 0x0, 0x0, 0x0, 0xf,
    0xfd, 0x0, 0xff, 0x80, 0x0, 0xbf, 0xf0, 0x3,
    0xff, 0x0, 0x3, 0xff, 0x40, 0xf, 0xfc, 0x0,
    0x1f, 0xfc, 0x0, 0x3f, 0xf0, 0x0, 0xff, 0xd0,
    0x0, 0xff, 0xc0, 0x7, 0xff, 0x0, 0x3, 0xff,
    0x0, 0x3f, 0xf8, 0x0, 0xf, 0xfc, 0x0, 0xff,
    0xc0, 0x0, 0x3f, 0xf0, 0xb, 0xfe, 0x0, 0x0,
    0xff, 0xc0, 0x3f, 0xf0, 0x0, 0x3, 0xff, 0x1,
    0xff, 0xff, 0xff, 0xff, 0xff, 0xe7, 0xff, 0xff,
    0xff, 0xff, 0xff, 0x9f, 0xff, 0xff, 0xff, 0xff,
    0xfe, 0x7f, 0xff, 0xff, 0xff, 0xff, 0xf9, 0xaa,
    0xaa, 0xaa, 0xaf, 0xfe, 0x90, 0x0, 0x0, 0x0,
    0x3f, 0xf0, 0x0, 0x0, 0x0, 0x0, 0xff, 0xc0,
    0x0, 0x0, 0x0, 0x3, 0xff, 0x0, 0x0, 0x0,
    0x0, 0xf, 0xfc, 0x0, 0x0, 0x0, 0x0, 0x3f,
    0xf0, 0x0,

    /* U+0035 "5" */
    0x2f, 0xff, 0xff, 0xff, 0xfe, 0xb, 0xff, 0xff,
    0xff, 0xff, 0x82, 0xff, 0xff, 0xff, 0xff, 0xe0,
    0xbf, 0xff, 0xff, 0xff, 0xf8, 0x2f, 0xff, 0xff,
    0xff, 0xfe, 0xb, 0xfc, 0x0, 0x0, 0x0, 0x2,
    0xff, 0x0, 0x0, 0x0, 0x0, 0xbf, 0xc0, 0x0,
    0x0, 0x0, 0x2f, 0xf0, 0x0, 0x0, 0x0, 0xb,
    0xfc, 0x0, 0x0, 0x0, 0x2, 0xff, 0x0, 0x0,
    0x0, 0x0, 0xbf, 0xc1, 0xbf, 0x90, 0x0, 0x2f,
    0xf7, 0xff, 0xff, 0x40, 0xb, 0xff, 0xff, 0xff,
    0xf8, 0x2, 0xff, 0xff, 0xff, 0xff, 0x40, 0xbf,
    0xff, 0xff, 0xff, 0xf0, 0x2f, 0xff, 0x40, 0x7f,
    0xfd, 0xb, 0xff, 0x0, 0x3, 0xff, 0xc1, 0xff,
    0x40, 0x0, 0x7f, 0xf0, 0x0, 0x0, 0x0, 0xf,
    0xfc, 0x0, 0x0, 0x0, 0x3, 0xff, 0x0, 0x0,
    0x0, 0x0, 0xbf, 0xd0, 0x0, 0x0, 0x0, 0x2f,
    0xf4, 0x0, 0x0, 0x0, 0xb, 0xfd, 0x0, 0x0,
    0x0, 0x2, 0xff, 0x40, 0x0, 0x0, 0x0, 0xff,
    0xc3, 0xff, 0x0, 0x0, 0x3f, 0xf0, 0xff, 0xc0,
    0x0, 0xf, 0xfc, 0x2f, 0xfc, 0x0, 0xb, 0xfe,
    0x7, 0xff, 0xd0, 0xb, 0xff, 0x40, 0xff, 0xff,
    0xff, 0xff, 0x80, 0xf, 0xff, 0xff, 0xff, 0xc0,
    0x0, 0xff, 0xff, 0xff, 0xc0, 0x0, 0xb, 0xff,
    0xff, 0x80, 0x0, 0x0, 0x1b, 0xfe, 0x0, 0x0,

    /* U+0036 "6" */
    0x0, 0x6, 0xff, 0x90, 0x0, 0x0, 0x7f, 0xff,
    0xfc, 0x0, 0x2, 0xff, 0xff, 0xff, 0x40, 0xb,
    0xff, 0xff, 0xff, 0xd0, 0xf, 0xff, 0xff, 0xff,
    0xf0, 0x3f, 0xfd, 0x1, 0xff, 0xf4, 0x3f, 0xf0,
    0x0, 0x2f, 0xf8, 0x7f, 0xe0, 0x0, 0xa, 0xa8,
    0xbf, 0xd0, 0x0, 0x0, 0x0, 0xbf, 0xc0, 0x0,
    0x0, 0x0, 0xbf, 0xc0, 0x0, 0x0, 0x0, 0xbf,
    0xc0, 0x0, 0x0, 0x0, 0xbf, 0xc6, 0xbf, 0xe4,
    0x0, 0xbf, 0xff, 0xff, 0xff, 0x0, 0xbf, 0xff,
    0xff, 0xff, 0xc0, 0xbf, 0xff, 0xff, 0xff, 0xf0,
    0xbf, 0xff, 0x9a, 0xff, 0xf4, 0xbf, 0xf8, 0x0,
    0x3f, 0xf8, 0xbf, 0xf0, 0x0, 0x1f, 0xfc, 0xbf,
    0xd0, 0x0, 0xf, 0xfc, 0xbf, 0xc0, 0x0, 0xb,
    0xfc, 0xbf, 0xc0, 0x0, 0xb, 0xfc, 0xbf, 0xc0,
    0x0, 0xb, 0xfc, 0xbf, 0xc0, 0x0, 0xb, 0xfc,
    0xbf, 0xc0, 0x0, 0xb, 0xfc, 0xbf, 0xc0, 0x0,
    0xb, 0xfc, 0xbf, 0xd0, 0x0, 0xf, 0xfc, 0x7f,
    0xe0, 0x0, 0xf, 0xfc, 0x3f, 0xf0, 0x0, 0x2f,
    0xf8, 0x3f, 0xfd, 0x0, 0xbf, 0xf4, 0x1f, 0xff,
    0xff, 0xff, 0xf0, 0xb, 0xff, 0xff, 0xff, 0xc0,
    0x2, 0xff, 0xff, 0xff, 0x40, 0x0, 0x7f, 0xff,
    0xfc, 0x0, 0x0, 0x6, 0xff, 0x90, 0x0,

    /* U+0037 "7" */
    0xbf, 0xff, 0xff, 0xff, 0xff, 0xbf, 0xff, 0xff,
    0xff, 0xff, 0xbf, 0xff, 0xff, 0xff, 0xff, 0xbf,
    0xff, 0xff, 0xff, 0xff, 0xbf, 0xff, 0xff, 0xff,
    0xff, 0xbf, 0xd0, 0x0, 0xb, 0xfe, 0xbf, 0xd0,
    0x0, 0xf, 0xfd, 0xbf, 0xd0, 0x0, 0x2f, 0xfc,
    0xbf, 0xd0, 0x0, 0x3f, 0xf8, 0xbf, 0xd0, 0x0,
    0x7f, 0xf0, 0x0, 0x0, 0x0, 0xbf, 0xf0, 0x0,
    0x0, 0x0, 0xff, 0xd0, 0x0, 0x0, 0x1, 0xff,
    0xc0, 0x0, 0x0, 0x3, 0xff, 0x80, 0x0, 0x0,
    0x3, 0xff, 0x40, 0x0, 0x0, 0xb, 0xff, 0x0,
    0x0, 0x0, 0xf, 0xfd, 0x0, 0x0, 0x0, 0x1f,
    0xfc, 0x0, 0x0, 0x0, 0x3f, 0xf8, 0x0, 0x0,
    0x0, 0x3f, 0xf4, 0x0, 0x0, 0x0, 0xbf, 0xf0,
    0x0, 0x0, 0x0, 0xff, 0xe0, 0x0, 0x0, 0x1,
    0xff, 0xc0, 0x0, 0x0, 0x2, 0xff, 0xc0, 0x0,
    0x0, 0x3, 0xff, 0x40, 0x0, 0x0, 0x7, 0xff,
    0x0, 0x0, 0x0, 0xf, 0xfe, 0x0, 0x0, 0x0,
    0xf, 0xfc, 0x0, 0x0, 0x0, 0x2f, 0xfc, 0x0,
    0x0, 0x0, 0x3f, 0xf4, 0x0, 0x0, 0x0, 0x7f,
    0xf0, 0x0, 0x0, 0x0, 0xff, 0xe0, 0x0, 0x0,
    0x0, 0xff, 0xd0, 0x0, 0x0, 0x2, 0xff, 0xc0,
    0x0, 0x0, 0x3, 0xff, 0x80, 0x0, 0x0,

    /* U+0038 "8" */
    0x0, 0x2, 0xff, 0xe0, 0x0, 0x0, 0xb, 0xff,
    0xff, 0x80, 0x0, 0xf, 0xff, 0xff, 0xfc, 0x0,
    0xf, 0xff, 0xff, 0xff, 0xc0, 0xb, 0xff, 0xff,
    0xff, 0xfc, 0x3, 0xff, 0xd0, 0x1f, 0xff, 0x42,
    0xff, 0xc0, 0x0, 0xff, 0xf0, 0xff, 0xc0, 0x0,
    0xf, 0xfc, 0x3f, 0xf0, 0x0, 0x2, 0xff, 0xf,
    0xf8, 0x0, 0x0, 0xbf, 0xd3, 0xfe, 0x0, 0x0,
    0x2f, 0xf4, 0xff, 0xc0, 0x0, 0xf, 0xfc, 0x3f,
    0xf4, 0x0, 0x7, 0xff, 0x7, 0xff, 0x40, 0x7,
    0xff, 0x40, 0xff, 0xfe, 0x5f, 0xff, 0xc0, 0xf,
    0xff, 0xff, 0xff, 0xc0, 0x0, 0xff, 0xff, 0xff,
    0xd0, 0x0, 0xbf, 0xff, 0xff, 0xf8, 0x0, 0xbf,
    0xff, 0xff, 0xff, 0xc0, 0x7f, 0xfd, 0x1, 0xff,
    0xf8, 0x3f, 0xfc, 0x0, 0xb, 0xff, 0x1f, 0xfc,
    0x0, 0x0, 0xff, 0xdb, 0xfd, 0x0, 0x0, 0x1f,
    0xfa, 0xff, 0x0, 0x0, 0x3, 0xff, 0xff, 0xc0,
    0x0, 0x0, 0xff, 0xff, 0xf0, 0x0, 0x0, 0x3f,
    0xfb, 0xfd, 0x0, 0x0, 0x1f, 0xfd, 0xff, 0xc0,
    0x0, 0xf, 0xfe, 0x3f, 0xf8, 0x0, 0xb, 0xff,
    0x4b, 0xff, 0xd0, 0x1f, 0xff, 0xc0, 0xff, 0xff,
    0xff, 0xff, 0xc0, 0x1f, 0xff, 0xff, 0xff, 0xd0,
    0x1, 0xff, 0xff, 0xff, 0xd0, 0x0, 0xb, 0xff,
    0xff, 0xc0, 0x0, 0x0, 0x2f, 0xfe, 0x40, 0x0,

    /* U+0039 "9" */
    0x0, 0x6, 0xff, 0x90, 0x0, 0x0, 0x7f, 0xff,
    0xfc, 0x0, 0x2, 0xff, 0xff, 0xff, 0x40, 0xb,
    0xff, 0xff, 0xff, 0xc0, 0x1f, 0xff, 0xff, 0xff,
    0xf0, 0x3f, 0xfd, 0x1, 0xbf, 0xf4, 0x3f, 0xf0,
    0x0, 0x2f, 0xf8, 0x7f, 0xe0, 0x0, 0xf, 0xfc,
    0xbf, 0xd0, 0x0, 0xb, 0xfc, 0xbf, 0xc0, 0x0,
    0xb, 0xfc, 0xbf, 0xc0, 0x0, 0xb, 0xfc, 0xbf,
    0xc0, 0x0, 0xb, 0xfc, 0xbf, 0xc0, 0x0, 0xb,
    0xfc, 0xbf, 0xc0, 0x0, 0xb, 0xfc, 0xbf, 0xd0,
    0x0, 0xb, 0xfc, 0x7f, 0xe0, 0x0, 0xf, 0xfc,
    0x3f, 0xf0, 0x0, 0x2f, 0xfc, 0x3f, 0xfd, 0x0,
    0xbf, 0xfc, 0x2f, 0xff, 0xff, 0xff, 0xfc, 0xf,
    0xff, 0xff, 0xff, 0xfc, 0x3, 0xff, 0xff, 0xff,
    0xfc, 0x0, 0xbf, 0xff, 0xeb, 0xfc, 0x0, 0x5,
    0x54, 0xb, 0xfc, 0x0, 0x0, 0x0, 0xb, 0xfc,
    0x0, 0x0, 0x0, 0xb, 0xfc, 0x0, 0x0, 0x0,
    0xb, 0xfc, 0x0, 0x0, 0x0, 0xf, 0xfc, 0x7f,
    0xe0, 0x0, 0xf, 0xfc, 0x3f, 0xf4, 0x0, 0x2f,
    0xf8, 0x2f, 0xfd, 0x0, 0xbf, 0xf4, 0xf, 0xff,
    0xff, 0xff, 0xf0, 0xb, 0xff, 0xff, 0xff, 0xc0,
    0x2, 0xff, 0xff, 0xff, 0x40, 0x0, 0x7f, 0xff,
    0xfc, 0x0, 0x0, 0x6, 0xff, 0x90, 0x0,

    /* U+003A ":" */
    0xbf, 0xdb, 0xfd, 0xbf, 0xdb, 0xfd, 0xbf, 0xc0,
    0x0, 0x0, 0x0, 0x0, 0x0, 0x0, 0x0, 0x0,
    0xb, 0xfc, 0xbf, 0xdb, 0xfd, 0xbf, 0xdb, 0xfd,

    /* U+003B ";" */
    0xbf, 0xcb, 0xfd, 0xbf, 0xdb, 0xfd, 0xbf, 0xd0,
    0x0, 0x0, 0x0, 0x0, 0x0, 0x0, 0x0, 0x0,
    0xb, 0xfd, 0xbf, 0xdb, 0xfd, 0xbf, 0xdb, 0xfc,
    0xbf, 0x8b, 0xd0, 0xa0, 0x0, 0x0,

    /* U+003C "<" */
    0x0, 0x0, 0x0, 0x0, 0x0, 0x0, 0x0, 0x0,
    0x0, 0x0, 0x0, 0x2, 0xe0, 0x0, 0x0, 0x0,
    0x0, 0xb, 0xf8, 0x0, 0x0, 0x0, 0x0, 0x7f,
    0xfe, 0x0, 0x0, 0x0, 0x1, 0xff, 0xff, 0x40,
    0x0, 0x0, 0x7, 0xff, 0xfe, 0x0, 0x0, 0x0,
    0x2f, 0xff, 0xf4, 0x0, 0x0, 0x0, 0xbf, 0xff,
    0x80, 0x0, 0x0, 0x7, 0xff, 0xfe, 0x0, 0x0,
    0x0, 0x1f, 0xff, 0xf4, 0x0, 0x0, 0x0, 0xbf,
    0xff, 0x90, 0x0, 0x0, 0x1, 0xff, 0xfe, 0x0,
    0x0, 0x0, 0x0, 0xbf, 0xf4, 0x0, 0x0, 0x0,
    0x0, 0x2f, 0xf4, 0x0, 0x0, 0x0, 0x0, 0xb,
    0xff, 0xe0, 0x0, 0x0, 0x0, 0x0, 0xbf, 0xff,
    0x80, 0x0, 0x0, 0x0, 0x1, 0xff, 0xff, 0x40,
    0x0, 0x0, 0x0, 0x7, 0xff, 0xfd, 0x0, 0x0,
    0x0, 0x0, 0x1b, 0xff, 0xf8, 0x0, 0x0, 0x0,
    0x0, 0x2f, 0xff, 0xe4, 0x0, 0x0, 0x0, 0x0,
    0xbf, 0xff, 0xd0, 0x0, 0x0, 0x0, 0x1, 0xff,
    0xff, 0x80, 0x0, 0x0, 0x0, 0x7, 0xff, 0xf8,
    0x0, 0x0, 0x0, 0x0, 0xb, 0xfe, 0x0, 0x0,
    0x0, 0x0, 0x0, 0x2f, 0x80, 0x0, 0x0, 0x0,
    0x0, 0x0, 0x50,

    /* U+003D "=" */
    0xbf, 0xff, 0xff, 0xff, 0xff, 0xff, 0x6f, 0xff,
    0xff, 0xff, 0xff, 0xff, 0xeb, 0xff, 0xff, 0xff,
    0xff, 0xff, 0xfa, 0xff, 0xff, 0xff, 0xff, 0xff,
    0xfe, 0x0, 0x0, 0x0, 0x0, 0x0, 0x0, 0x0,
    0x0, 0x0, 0x0, 0x0, 0x0, 0x0, 0x0, 0x0,
    0x0, 0x0, 0x0, 0x0, 0x0, 0x0, 0x0, 0x0,
    0x0, 0x0, 0x0, 0x0, 0x0, 0x0, 0x0, 0x0,
    0x0, 0x0, 0x0, 0x0, 0x0, 0x0, 0xb, 0xff,
    0xff, 0xff, 0xff, 0xff, 0xf6, 0xff, 0xff, 0xff,
    0xff, 0xff, 0xfe, 0xbf, 0xff, 0xff, 0xff, 0xff,
    0xff, 0xaf, 0xff, 0xff, 0xff, 0xff, 0xff, 0xe0,

    /* U+003E ">" */
    0x0, 0x0, 0x0, 0x0, 0x0, 0x0, 0x2d, 0x0,
    0x0, 0x0, 0x0, 0x0, 0xb, 0xf8, 0x0, 0x0,
    0x0, 0x0, 0x2, 0xff, 0xe0, 0x0, 0x0, 0x0,
    0x0, 0xbf, 0xff, 0xd0, 0x0, 0x0, 0x0, 0x2,
    0xff, 0xff, 0x40, 0x0, 0x0, 0x0, 0x7, 0xff,
    0xfe, 0x0, 0x0, 0x0, 0x0, 0x1b, 0xff, 0xf8,
    0x0, 0x0, 0x0, 0x0, 0x2f, 0xff, 0xe4, 0x0,
    0x0, 0x0, 0x0, 0x7f, 0xff, 0xd0, 0x0, 0x0,
    0x0, 0x1, 0xff, 0xff, 0x40, 0x0, 0x0, 0x0,
    0x2, 0xff, 0xfd, 0x0, 0x0, 0x0, 0x0, 0x7,
    0xff, 0x80, 0x0, 0x0, 0x0, 0x0, 0x7f, 0xe0,
    0x0, 0x0, 0x0, 0x2, 0xff, 0xf8, 0x0, 0x0,
    0x0, 0x1b, 0xff, 0xf4, 0x0, 0x0, 0x0, 0x7f,
    0xff, 0xd0, 0x0, 0x0, 0x2, 0xff, 0xfe, 0x40,
    0x0, 0x0, 0xb, 0xff, 0xf8, 0x0, 0x0, 0x0,
    0x7f, 0xff, 0xe0, 0x0, 0x0, 0x2, 0xff, 0xff,
    0x40, 0x0, 0x0, 0xb, 0xff, 0xfd, 0x0, 0x0,
    0x0, 0xb, 0xff, 0xe4, 0x0, 0x0, 0x0, 0x2,
    0xff, 0x80, 0x0, 0x0, 0x0, 0x0, 0xbe, 0x0,
    0x0, 0x0, 0x0, 0x0, 0x24, 0x0, 0x0, 0x0,
    0x0, 0x0, 0x0,

    /* U+003F "?" */
    0x0, 0x6, 0xff, 0x40, 0x0, 0x1, 0xff, 0xff,
    0xd0, 0x0, 0x2f, 0xff, 0xff, 0xe0, 0x2, 0xff,
    0xff, 0xff, 0xe0, 0xf, 0xff, 0xff, 0xff, 0xd0,
    0xff, 0xf8, 0x7, 0xff, 0xc3, 0xff, 0x40, 0x3,
    0xff, 0x5f, 0xfc, 0x0, 0xb, 0xfe, 0x7f, 0xe0,
    0x0, 0xf, 0xfa, 0xff, 0x40, 0x0, 0x3f, 0xe1,
    0x54, 0x0, 0x1, 0xff, 0x80, 0x0, 0x0, 0xb,
    0xfe, 0x0, 0x0, 0x0, 0x7f, 0xf0, 0x0, 0x0,
    0x3, 0xff, 0xc0, 0x0, 0x0, 0x2f, 0xfc, 0x0,
    0x0, 0x1, 0xff, 0xd0, 0x0, 0x0, 0xf, 0xff,
    0x0, 0x0, 0x0, 0xff, 0xf0, 0x0, 0x0, 0xb,
    0xff, 0x40, 0x0, 0x0, 0x3f, 0xf8, 0x0, 0x0,
    0x2, 0xff, 0xc0, 0x0, 0x0, 0xb, 0xfd, 0x0,
    0x0, 0x0, 0x3f, 0xf0, 0x0, 0x0, 0x0, 0xff,
    0xc0, 0x0, 0x0, 0x3, 0xff, 0x0, 0x0, 0x0,
    0xf, 0xfc, 0x0, 0x0, 0x0, 0x15, 0x50, 0x0,
    0x0, 0x0, 0x0, 0x0, 0x0, 0x0, 0x0, 0x0,
    0x0, 0x0, 0x0, 0x0, 0x0, 0x0, 0x0, 0x0,
    0x3f, 0xf0, 0x0, 0x0, 0x0, 0xff, 0xc0, 0x0,
    0x0, 0x3, 0xff, 0x0, 0x0, 0x0, 0xf, 0xfc,
    0x0, 0x0, 0x0, 0x3f, 0xf0, 0x0, 0x0,

    /* U+0040 "@" */
    0x0, 0x0, 0x0, 0x1a, 0xff, 0xf9, 0x0, 0x0,
    0x0, 0x0, 0x0, 0x2, 0xff, 0xff, 0xff, 0xf4,
    0x0, 0x0, 0x0, 0x0, 0x2f, 0xff, 0xff, 0xff,
    0xff, 0x40, 0x0, 0x0, 0x1, 0xff, 0xff, 0xff,
    0xff, 0xff, 0xf0, 0x0, 0x0, 0xb, 0xff, 0xe4,
    0x0, 0x1, 0xbf, 0xfc, 0x0, 0x0, 0x2f, 0xfe,
    0x0, 0x0, 0x0, 0xb, 0xff, 0x0, 0x0, 0x7f,
    0xf0, 0x0, 0x0, 0x0, 0x1, 0xff, 0xc0, 0x1,
    0xff, 0xc0, 0x1, 0xbf, 0xe0, 0x0, 0x3f, 0xe0,
    0x3, 0xff, 0x0, 0xf, 0xff, 0xfc, 0x1a, 0x4f,
    0xf4, 0x7, 0xfc, 0x0, 0x7f, 0xff, 0xff, 0x3f,
    0xb, 0xf8, 0xf, 0xf4, 0x1, 0xff, 0xe4, 0x7f,
    0xbf, 0x3, 0xfc, 0xf, 0xf0, 0x3, 0xfe, 0x0,
    0xf, 0xfe, 0x2, 0xfd, 0x2f, 0xe0, 0xb, 0xf8,
    0x0, 0x7, 0xfd, 0x1, 0xfd, 0x3f, 0xc0, 0x1f,
    0xf0, 0x0, 0x3, 0xfc, 0x1, 0xfe, 0x3f, 0xc0,
    0x3f, 0xd0, 0x0, 0x3, 0xf8, 0x0, 0xfe, 0x3f,
    0xc0, 0x3f, 0xc0, 0x0, 0x3, 0xf4, 0x0, 0xfe,
    0x3f, 0x80, 0xbf, 0x40, 0x0, 0x3, 0xf0, 0x1,
    0xfd, 0x3f, 0x80, 0xff, 0x0, 0x0, 0x7, 0xf0,
    0x2, 0xfd, 0x3f, 0x80, 0xff, 0x0, 0x0, 0xb,
    0xe0, 0x3, 0xfc, 0x3f, 0xc0, 0xfe, 0x0, 0x0,
    0xf, 0xc0, 0x7, 0xf8, 0x3f, 0xc0, 0xfe, 0x0,
    0x0, 0x2f, 0xc0, 0xf, 0xf4, 0x2f, 0xc0, 0xff,
    0x0, 0x0, 0x3f, 0x80, 0x1f, 0xf0, 0x1f, 0xe0,
    0xff, 0x0, 0x0, 0xff, 0x40, 0x3f, 0xc0, 0xf,
    0xf0, 0xbf, 0xc0, 0x3, 0xff, 0x40, 0xff, 0x40,
    0xf, 0xf8, 0x3f, 0xf5, 0x6f, 0xff, 0x87, 0xfd,
    0x0, 0x7, 0xfc, 0x1f, 0xff, 0xff, 0x3f, 0xff,
    0xf0, 0x0, 0x3, 0xff, 0x7, 0xff, 0xfc, 0x1f,
    0xff, 0x81, 0x50, 0x0, 0xff, 0xc0, 0xbf, 0x90,
    0x7, 0xf8, 0x7, 0xf0, 0x0, 0x7f, 0xf0, 0x0,
    0x0, 0x0, 0x0, 0x2f, 0xd0, 0x0, 0x2f, 0xfe,
    0x0, 0x0, 0x0, 0x1, 0xff, 0x40, 0x0, 0xb,
    0xff, 0xe4, 0x0, 0x0, 0x6f, 0xfd, 0x0, 0x0,
    0x1, 0xff, 0xff, 0xff, 0xff, 0xff, 0xf0, 0x0,
    0x0, 0x0, 0x2f, 0xff, 0xff, 0xff, 0xff, 0x40,
    0x0, 0x0, 0x0, 0x2, 0xff, 0xff, 0xff, 0xf4,
    0x0, 0x0, 0x0, 0x0, 0x0, 0x1b, 0xff, 0xf9,
    0x0, 0x0, 0x0,

    /* U+0041 "A" */
    0x0, 0x0, 0x0, 0xbf, 0xc0, 0x0, 0x0, 0x0,
    0x0, 0x0, 0xf, 0xfd, 0x0, 0x0, 0x0, 0x0,
    0x0, 0x1, 0xff, 0xe0, 0x0, 0x0, 0x0, 0x0,
    0x0, 0x2f, 0xff, 0x0, 0x0, 0x0, 0x0, 0x0,
    0x3, 0xff, 0xf4, 0x0, 0x0, 0x0, 0x0, 0x0,
    0x7f, 0xff, 0x80, 0x0, 0x0, 0x0, 0x0, 0xf,
    0xff, 0xfc, 0x0, 0x0, 0x0, 0x0, 0x0, 0xff,
    0xff, 0xd0, 0x0, 0x0, 0x0, 0x0, 0x2f, 0xf7,
    0xff, 0x0, 0x0, 0x0, 0x0, 0x3, 0xff, 0x2f,
    0xf0, 0x0, 0x0, 0x0, 0x0, 0x3f, 0xe1, 0xff,
    0x80, 0x0, 0x0, 0x0, 0xb, 0xfd, 0xf, 0xfc,
    0x0, 0x0, 0x0, 0x0, 0xff, 0xc0, 0xbf, 0xc0,
    0x0, 0x0, 0x0, 0x1f, 0xf8, 0x7, 0xfe, 0x0,
    0x0, 0x0, 0x2, 0xff, 0x40, 0x3f, 0xf0, 0x0,
    0x0, 0x0, 0x3f, 0xf0, 0x2, 0xff, 0x40, 0x0,
    0x0, 0x7, 0xfe, 0x0, 0x1f, 0xf8, 0x0, 0x0,
    0x0, 0xbf, 0xd0, 0x0, 0xff, 0xc0, 0x0, 0x0,
    0xf, 0xfc, 0x0, 0xb, 0xfd, 0x0, 0x0, 0x1,
    0xff, 0x80, 0x0, 0x7f, 0xe0, 0x0, 0x0, 0x3f,
    0xf4, 0x0, 0x3, 0xff, 0x0, 0x0, 0x3, 0xff,
    0x0, 0x0, 0x2f, 0xf4, 0x0, 0x0, 0xbf, 0xfa,
    0xaa, 0xab, 0xff, 0xc0, 0x0, 0xf, 0xff, 0xff,
    0xff, 0xff, 0xfc, 0x0, 0x0, 0xff, 0xff, 0xff,
    0xff, 0xff, 0xe0, 0x0, 0x2f, 0xff, 0xff, 0xff,
    0xff, 0xff, 0x0, 0x3, 0xff, 0xff, 0xff, 0xff,
    0xff, 0xf0, 0x0, 0x7f, 0xf0, 0x0, 0x0, 0x2,
    0xff, 0x80, 0xb, 0xfe, 0x0, 0x0, 0x0, 0x1f,
    0xfc, 0x0, 0xff, 0xd0, 0x0, 0x0, 0x0, 0xff,
    0xd0, 0x1f, 0xfc, 0x0, 0x0, 0x0, 0xb, 0xfe,
    0x2, 0xff, 0x80, 0x0, 0x0, 0x0, 0x7f, 0xf0,
    0x3f, 0xf4, 0x0, 0x0, 0x0, 0x3, 0xff, 0x47,
    0xff, 0x0, 0x0, 0x0, 0x0, 0x2f, 0xf8, 0xff,
    0xe0, 0x0, 0x0, 0x0, 0x1, 0xff, 0xc0,

    /* U+0042 "B" */
    0x7f, 0xff, 0xff, 0xff, 0xe0, 0x0, 0x1f, 0xff,
    0xff, 0xff, 0xff, 0x80, 0x7, 0xff, 0xff, 0xff,
    0xff, 0xfd, 0x1, 0xff, 0xff, 0xff, 0xff, 0xff,
    0xc0, 0x7f, 0xfa, 0xaa, 0xaf, 0xff, 0xfc, 0x1f,
    0xfc, 0x0, 0x0, 0x1f, 0xff, 0x7, 0xff, 0x0,
    0x0, 0x1, 0xff, 0xe1, 0xff, 0xc0, 0x0, 0x0,
    0x2f, 0xfc, 0x7f, 0xf0, 0x0, 0x0, 0x7, 0xff,
    0x1f, 0xfc, 0x0, 0x0, 0x0, 0xff, 0xc7, 0xff,
    0x0, 0x0, 0x0, 0x3f, 0xf1, 0xff, 0xc0, 0x0,
    0x0, 0x1f, 0xfc, 0x7f, 0xf0, 0x0, 0x0, 0xf,
    0xfd, 0x1f, 0xfc, 0x0, 0x0, 0xb, 0xff, 0x7,
    0xff, 0x0, 0x0, 0x1f, 0xff, 0x41, 0xff, 0xff,
    0xff, 0xff, 0xff, 0x80, 0x7f, 0xff, 0xff, 0xff,
    0xff, 0x40, 0x1f, 0xff, 0xff, 0xff, 0xff, 0x80,
    0x7, 0xff, 0xff, 0xff, 0xff, 0xfe, 0x1, 0xff,
    0xea, 0xaa, 0xaf, 0xff, 0xe0, 0x7f, 0xf0, 0x0,
    0x0, 0x3f, 0xfd, 0x1f, 0xfc, 0x0, 0x0, 0x3,
    0xff, 0xc7, 0xff, 0x0, 0x0, 0x0, 0x3f, 0xf1,
    0xff, 0xc0, 0x0, 0x0, 0xf, 0xfd, 0x7f, 0xf0,
    0x0, 0x0, 0x2, 0xff, 0x5f, 0xfc, 0x0, 0x0,
    0x0, 0xbf, 0xe7, 0xff, 0x0, 0x0, 0x0, 0x3f,
    0xf5, 0xff, 0xc0, 0x0, 0x0, 0x1f, 0xfd, 0x7f,
    0xf0, 0x0, 0x0, 0xf, 0xff, 0x1f, 0xfc, 0x0,
    0x0, 0x1f, 0xff, 0x87, 0xff, 0xff, 0xff, 0xff,
    0xff, 0xc1, 0xff, 0xff, 0xff, 0xff, 0xff, 0xd0,
    0x7f, 0xff, 0xff, 0xff, 0xff, 0xe0, 0x1f, 0xff,
    0xff, 0xff, 0xff, 0xd0, 0x7, 0xff, 0xff, 0xff,
    0xfe, 0x40, 0x0,

    /* U+0043 "C" */
    0x0, 0x0, 0x6f, 0xfe, 0x40, 0x0, 0x0, 0x1,
    0xff, 0xff, 0xfe, 0x0, 0x0, 0x2, 0xff, 0xff,
    0xff, 0xf0, 0x0, 0x3, 0xff, 0xff, 0xff, 0xff,
    0x0, 0x3, 0xff, 0xff, 0xff, 0xff, 0xf0, 0x2,
    0xff, 0xfe, 0x56, 0xff, 0xfe, 0x0, 0xff, 0xf8,
    0x0, 0xb, 0xff, 0xd0, 0xbf, 0xf8, 0x0, 0x0,
    0x7f, 0xfc, 0x3f, 0xfc, 0x0, 0x0, 0xb, 0xff,
    0xf, 0xfd, 0x0, 0x0, 0x0, 0xff, 0xd7, 0xff,
    0x0, 0x0, 0x0, 0x0, 0x1, 0xff, 0xc0, 0x0,
    0x0, 0x0, 0x0, 0x7f, 0xf0, 0x0, 0x0, 0x0,
    0x0, 0x1f, 0xf8, 0x0, 0x0, 0x0, 0x0, 0x7,
    0xfe, 0x0, 0x0, 0x0, 0x0, 0x2, 0xff, 0x80,
    0x0, 0x0, 0x0, 0x0, 0xbf, 0xe0, 0x0, 0x0,
    0x0, 0x0, 0x2f, 0xf8, 0x0, 0x0, 0x0, 0x0,
    0xb, 0xfe, 0x0, 0x0, 0x0, 0x0, 0x2, 0xff,
    0x80, 0x0, 0x0, 0x0, 0x0, 0x7f, 0xe0, 0x0,
    0x0, 0x0, 0x0, 0x1f, 0xf8, 0x0, 0x0, 0x0,
    0x0, 0x7, 0xff, 0x0, 0x0, 0x0, 0x0, 0x1,
    0xff, 0xc0, 0x0, 0x0, 0x0, 0x0, 0x7f, 0xf0,
    0x0, 0x0, 0x0, 0x0, 0xf, 0xfd, 0x0, 0x0,
    0x0, 0xff, 0xd3, 0xff, 0xc0, 0x0, 0x0, 0xbf,
    0xf4, 0xbf, 0xf8, 0x0, 0x0, 0x7f, 0xfc, 0xf,
    0xff, 0x80, 0x0, 0x7f, 0xfd, 0x2, 0xff, 0xfe,
    0x56, 0xff, 0xff, 0x0, 0x3f, 0xff, 0xff, 0xff,
    0xff, 0x40, 0x3, 0xff, 0xff, 0xff, 0xff, 0x40,
    0x0, 0x2f, 0xff, 0xff, 0xff, 0x40, 0x0, 0x1,
    0xff, 0xff, 0xfe, 0x0, 0x0, 0x0, 0x6, 0xff,
    0xe4, 0x0, 0x0,

    /* U+0044 "D" */
    0x7f, 0xff, 0xff, 0xfe, 0x40, 0x0, 0x1f, 0xff,
    0xff, 0xff, 0xfe, 0x0, 0x7, 0xff, 0xff, 0xff,
    0xff, 0xf0, 0x1, 0xff, 0xff, 0xff, 0xff, 0xff,
    0x40, 0x7f, 0xff, 0xff, 0xff, 0xff, 0xf0, 0x1f,
    0xfc, 0x0, 0x1, 0xbf, 0xfe, 0x7, 0xff, 0x0,
    0x0, 0x7, 0xff, 0xd1, 0xff, 0xc0, 0x0, 0x0,
    0x7f, 0xfc, 0x7f, 0xf0, 0x0, 0x0, 0xb, 0xff,
    0x1f, 0xfc, 0x0, 0x0, 0x0, 0xff, 0xd7, 0xff,
    0x0, 0x0, 0x0, 0x3f, 0xf9, 0xff, 0xc0, 0x0,
    0x0, 0xb, 0xfe, 0x7f, 0xf0, 0x0, 0x0, 0x1,
    0xff, 0x9f, 0xfc, 0x0, 0x0, 0x0, 0x7f, 0xf7,
    0xff, 0x0, 0x0, 0x0, 0x1f, 0xfd, 0xff, 0xc0,
    0x0, 0x0, 0x7, 0xff, 0x7f, 0xf0, 0x0, 0x0,
    0x1, 0xff, 0xdf, 0xfc, 0x0, 0x0, 0x0, 0x7f,
    0xf7, 0xff, 0x0, 0x0, 0x0, 0x1f, 0xfd, 0xff,
    0xc0, 0x0, 0x0, 0x7, 0xff, 0x7f, 0xf0, 0x0,
    0x0, 0x1, 0xff, 0xdf, 0xfc, 0x0, 0x0, 0x0,
    0x7f, 0xf7, 0xff, 0x0, 0x0, 0x0, 0x1f, 0xf9,
    0xff, 0xc0, 0x0, 0x0, 0xb, 0xfe, 0x7f, 0xf0,
    0x0, 0x0, 0x2, 0xff, 0x9f, 0xfc, 0x0, 0x0,
    0x0, 0xff, 0xd7, 0xff, 0x0, 0x0, 0x0, 0x7f,
    0xf1, 0xff, 0xc0, 0x0, 0x0, 0x3f, 0xfc, 0x7f,
    0xf0, 0x0, 0x0, 0x3f, 0xfd, 0x1f, 0xfc, 0x0,
    0x1, 0xbf, 0xfe, 0x7, 0xff, 0xff, 0xff, 0xff,
    0xff, 0x1, 0xff, 0xff, 0xff, 0xff, 0xff, 0x0,
    0x7f, 0xff, 0xff, 0xff, 0xff, 0x0, 0x1f, 0xff,
    0xff, 0xff, 0xfd, 0x0, 0x7, 0xff, 0xff, 0xff,
    0xe4, 0x0, 0x0,

    /* U+0045 "E" */
    0x7f, 0xff, 0xff, 0xff, 0xff, 0xf5, 0xff, 0xff,
    0xff, 0xff, 0xff, 0xd7, 0xff, 0xff, 0xff, 0xff,
    0xff, 0x5f, 0xff, 0xff, 0xff, 0xff, 0xfd, 0x7f,
    0xff, 0xff, 0xff, 0xff, 0xf5, 0xff, 0xc0, 0x0,
    0x0, 0x0, 0x7, 0xff, 0x0, 0x0, 0x0, 0x0,
    0x1f, 0xfc, 0x0, 0x0, 0x0, 0x0, 0x7f, 0xf0,
    0x0, 0x0, 0x0, 0x1, 0xff, 0xc0, 0x0, 0x0,
    0x0, 0x7, 0xff, 0x0, 0x0, 0x0, 0x0, 0x1f,
    0xfc, 0x0, 0x0, 0x0, 0x0, 0x7f, 0xf0, 0x0,
    0x0, 0x0, 0x1, 0xff, 0xc0, 0x0, 0x0, 0x0,
    0x7, 0xff, 0x0, 0x0, 0x0, 0x0, 0x1f, 0xff,
    0xff, 0xff, 0xff, 0xc0, 0x7f, 0xff, 0xff, 0xff,
    0xff, 0x1, 0xff, 0xff, 0xff, 0xff, 0xfc, 0x7,
    0xff, 0xff, 0xff, 0xff, 0xf0, 0x1f, 0xfe, 0xaa,
    0xaa, 0xaa, 0x80, 0x7f, 0xf0, 0x0, 0x0, 0x0,
    0x1, 0xff, 0xc0, 0x0, 0x0, 0x0, 0x7, 0xff,
    0x0, 0x0, 0x0, 0x0, 0x1f, 0xfc, 0x0, 0x0,
    0x0, 0x0, 0x7f, 0xf0, 0x0, 0x0, 0x0, 0x1,
    0xff, 0xc0, 0x0, 0x0, 0x0, 0x7, 0xff, 0x0,
    0x0, 0x0, 0x0, 0x1f, 0xfc, 0x0, 0x0, 0x0,
    0x0, 0x7f, 0xf0, 0x0, 0x0, 0x0, 0x1, 0xff,
    0xc0, 0x0, 0x0, 0x0, 0x7, 0xff, 0xff, 0xff,
    0xff, 0xff, 0x5f, 0xff, 0xff, 0xff, 0xff, 0xfd,
    0x7f, 0xff, 0xff, 0xff, 0xff, 0xf5, 0xff, 0xff,
    0xff, 0xff, 0xff, 0xd7, 0xff, 0xff, 0xff, 0xff,
    0xff, 0x40,

    /* U+0046 "F" */
    0x7f, 0xff, 0xff, 0xff, 0xff, 0xf5, 0xff, 0xff,
    0xff, 0xff, 0xff, 0xd7, 0xff, 0xff, 0xff, 0xff,
    0xff, 0x5f, 0xff, 0xff, 0xff, 0xff, 0xfd, 0x7f,
    0xff, 0xff, 0xff, 0xff, 0xf5, 0xff, 0xc0, 0x0,
    0x0, 0x0, 0x7, 0xff, 0x0, 0x0, 0x0, 0x0,
    0x1f, 0xfc, 0x0, 0x0, 0x0, 0x0, 0x7f, 0xf0,
    0x0, 0x0, 0x0, 0x1, 0xff, 0xc0, 0x0, 0x0,
    0x0, 0x7, 0xff, 0x0, 0x0, 0x0, 0x0, 0x1f,
    0xfc, 0x0, 0x0, 0x0, 0x0, 0x7f, 0xf0, 0x0,
    0x0, 0x0, 0x1, 0xff, 0xc0, 0x0, 0x0, 0x0,
    0x7, 0xff, 0x0, 0x0, 0x0, 0x0, 0x1f, 0xfe,
    0xaa, 0xaa, 0xaa, 0x80, 0x7f, 0xff, 0xff, 0xff,
    0xff, 0x1, 0xff, 0xff, 0xff, 0xff, 0xfc, 0x7,
    0xff, 0xff, 0xff, 0xff, 0xf0, 0x1f, 0xff, 0xff,
    0xff, 0xff, 0xc0, 0x7f, 0xf0, 0x0, 0x0, 0x0,
    0x1, 0xff, 0xc0, 0x0, 0x0, 0x0, 0x7, 0xff,
    0x0, 0x0, 0x0, 0x0, 0x1f, 0xfc, 0x0, 0x0,
    0x0, 0x0, 0x7f, 0xf0, 0x0, 0x0, 0x0, 0x1,
    0xff, 0xc0, 0x0, 0x0, 0x0, 0x7, 0xff, 0x0,
    0x0, 0x0, 0x0, 0x1f, 0xfc, 0x0, 0x0, 0x0,
    0x0, 0x7f, 0xf0, 0x0, 0x0, 0x0, 0x1, 0xff,
    0xc0, 0x0, 0x0, 0x0, 0x7, 0xff, 0x0, 0x0,
    0x0, 0x0, 0x1f, 0xfc, 0x0, 0x0, 0x0, 0x0,
    0x7f, 0xf0, 0x0, 0x0, 0x0, 0x1, 0xff, 0xc0,
    0x0, 0x0, 0x0, 0x7, 0xff, 0x0, 0x0, 0x0,
    0x0, 0x0,

    /* U+0047 "G" */
    0x0, 0x0, 0x6f, 0xfe, 0x40, 0x0, 0x0, 0x1,
    0xff, 0xff, 0xfe, 0x0, 0x0, 0x2, 0xff, 0xff,
    0xff, 0xf0, 0x0, 0x3, 0xff, 0xff, 0xff, 0xff,
    0x0, 0x3, 0xff, 0xff, 0xff, 0xff, 0xf0, 0x2,
    0xff, 0xfe, 0x56, 0xff, 0xfe, 0x0, 0xff, 0xf8,
    0x0, 0xb, 0xff, 0xd0, 0xbf, 0xf8, 0x0, 0x0,
    0x7f, 0xfc, 0x3f, 0xfc, 0x0, 0x0, 0xb, 0xff,
    0xf, 0xfd, 0x0, 0x0, 0x0, 0xff, 0xd7, 0xff,
    0x0, 0x0, 0x0, 0x15, 0x51, 0xff, 0xc0, 0x0,
    0x0, 0x0, 0x0, 0x7f, 0xf0, 0x0, 0x0, 0x0,
    0x0, 0x1f, 0xf8, 0x0, 0x0, 0x0, 0x0, 0x7,
    0xfe, 0x0, 0x0, 0x0, 0x0, 0x2, 0xff, 0x80,
    0x0, 0x0, 0x0, 0x0, 0xbf, 0xe0, 0x0, 0x7f,
    0xff, 0xff, 0xef, 0xf8, 0x0, 0x1f, 0xff, 0xff,
    0xfb, 0xfe, 0x0, 0x7, 0xff, 0xff, 0xfe, 0xff,
    0x80, 0x1, 0xff, 0xff, 0xff, 0x7f, 0xe0, 0x0,
    0x7f, 0xff, 0xff, 0xdf, 0xf8, 0x0, 0x0, 0x0,
    0x7f, 0xf7, 0xff, 0x0, 0x0, 0x0, 0x1f, 0xfd,
    0xff, 0xc0, 0x0, 0x0, 0x7, 0xff, 0x7f, 0xf0,
    0x0, 0x0, 0x2, 0xff, 0x8f, 0xfd, 0x0, 0x0,
    0x0, 0xff, 0xe3, 0xff, 0xc0, 0x0, 0x0, 0x7f,
    0xf4, 0xbf, 0xf8, 0x0, 0x0, 0x3f, 0xfc, 0xf,
    0xff, 0x80, 0x0, 0x7f, 0xfd, 0x2, 0xff, 0xfe,
    0x55, 0xff, 0xff, 0x0, 0x3f, 0xff, 0xff, 0xff,
    0xff, 0x0, 0x3, 0xff, 0xff, 0xff, 0xff, 0x40,
    0x0, 0x2f, 0xff, 0xff, 0xff, 0x0, 0x0, 0x1,
    0xff, 0xff, 0xfe, 0x0, 0x0, 0x0, 0x6, 0xff,
    0xe4, 0x0, 0x0,

    /* U+0048 "H" */
    0x7f, 0xf0, 0x0, 0x0, 0x2, 0xff, 0x9f, 0xfc,
    0x0, 0x0, 0x0, 0xbf, 0xe7, 0xff, 0x0, 0x0,
    0x0, 0x2f, 0xf9, 0xff, 0xc0, 0x0, 0x0, 0xb,
    0xfe, 0x7f, 0xf0, 0x0, 0x0, 0x2, 0xff, 0x9f,
    0xfc, 0x0, 0x0, 0x0, 0xbf, 0xe7, 0xff, 0x0,
    0x0, 0x0, 0x2f, 0xf9, 0xff, 0xc0, 0x0, 0x0,
    0xb, 0xfe, 0x7f, 0xf0, 0x0, 0x0, 0x2, 0xff,
    0x9f, 0xfc, 0x0, 0x0, 0x0, 0xbf, 0xe7, 0xff,
    0x0, 0x0, 0x0, 0x2f, 0xf9, 0xff, 0xc0, 0x0,
    0x0, 0xb, 0xfe, 0x7f, 0xf0, 0x0, 0x0, 0x2,
    0xff, 0x9f, 0xfc, 0x0, 0x0, 0x0, 0xbf, 0xe7,
    0xff, 0x0, 0x0, 0x0, 0x2f, 0xf9, 0xff, 0xff,
    0xff, 0xff, 0xff, 0xfe, 0x7f, 0xff, 0xff, 0xff,
    0xff, 0xff, 0x9f, 0xff, 0xff, 0xff, 0xff, 0xff,
    0xe7, 0xff, 0xff, 0xff, 0xff, 0xff, 0xf9, 0xff,
    0xea, 0xaa, 0xaa, 0xaf, 0xfe, 0x7f, 0xf0, 0x0,
    0x0, 0x2, 0xff, 0x9f, 0xfc, 0x0, 0x0, 0x0,
    0xbf, 0xe7, 0xff, 0x0, 0x0, 0x0, 0x2f, 0xf9,
    0xff, 0xc0, 0x0, 0x0, 0xb, 0xfe, 0x7f, 0xf0,
    0x0, 0x0, 0x2, 0xff, 0x9f, 0xfc, 0x0, 0x0,
    0x0, 0xbf, 0xe7, 0xff, 0x0, 0x0, 0x0, 0x2f,
    0xf9, 0xff, 0xc0, 0x0, 0x0, 0xb, 0xfe, 0x7f,
    0xf0, 0x0, 0x0, 0x2, 0xff, 0x9f, 0xfc, 0x0,
    0x0, 0x0, 0xbf, 0xe7, 0xff, 0x0, 0x0, 0x0,
    0x2f, 0xf9, 0xff, 0xc0, 0x0, 0x0, 0xb, 0xfe,
    0x7f, 0xf0, 0x0, 0x0, 0x2, 0xff, 0x9f, 0xfc,
    0x0, 0x0, 0x0, 0xbf, 0xe7, 0xff, 0x0, 0x0,
    0x0, 0x2f, 0xf8,

    /* U+0049 "I" */
    0x7f, 0xf7, 0xff, 0x7f, 0xf7, 0xff, 0x7f, 0xf7,
    0xff, 0x7f, 0xf7, 0xff, 0x7f, 0xf7, 0xff, 0x7f,
    0xf7, 0xff, 0x7f, 0xf7, 0xff, 0x7f, 0xf7, 0xff,
    0x7f, 0xf7, 0xff, 0x7f, 0xf7, 0xff, 0x7f, 0xf7,
    0xff, 0x7f, 0xf7, 0xff, 0x7f, 0xf7, 0xff, 0x7f,
    0xf7, 0xff, 0x7f, 0xf7, 0xff, 0x7f, 0xf7, 0xff,
    0x7f, 0xf7, 0xff, 0x7f, 0xf0,

    /* U+004A "J" */
    0x0, 0x0, 0x0, 0x7, 0xff, 0x0, 0x0, 0x0,
    0x7, 0xff, 0x0, 0x0, 0x0, 0x7, 0xff, 0x0,
    0x0, 0x0, 0x7, 0xff, 0x0, 0x0, 0x0, 0x7,
    0xff, 0x0, 0x0, 0x0, 0x7, 0xff, 0x0, 0x0,
    0x0, 0x7, 0xff, 0x0, 0x0, 0x0, 0x7, 0xff,
    0x0, 0x0, 0x0, 0x7, 0xff, 0x0, 0x0, 0x0,
    0x7, 0xff, 0x0, 0x0, 0x0, 0x7, 0xff, 0x0,
    0x0, 0x0, 0x7, 0xff, 0x0, 0x0, 0x0, 0x7,
    0xff, 0x0, 0x0, 0x0, 0x7, 0xff, 0x0, 0x0,
    0x0, 0x7, 0xff, 0x0, 0x0, 0x0, 0x7, 0xff,
    0x0, 0x0, 0x0, 0x7, 0xff, 0x0, 0x0, 0x0,
    0x7, 0xff, 0x0, 0x0, 0x0, 0x7, 0xff, 0x0,
    0x0, 0x0, 0x7, 0xff, 0x0, 0x0, 0x0, 0x7,
    0xff, 0x0, 0x0, 0x0, 0x7, 0xff, 0x0, 0x0,
    0x0, 0x7, 0xff, 0x0, 0x0, 0x0, 0x7, 0xff,
    0x0, 0x0, 0x0, 0x7, 0xff, 0x0, 0x0, 0x0,
    0xb, 0xff, 0x0, 0x0, 0x0, 0xf, 0xfe, 0x0,
    0x40, 0x0, 0x1f, 0xfd, 0x7, 0xd0, 0x0, 0xbf,
    0xfc, 0x2f, 0xf9, 0x5b, 0xff, 0xf8, 0xbf, 0xff,
    0xff, 0xff, 0xf0, 0x3f, 0xff, 0xff, 0xff, 0xc0,
    0xf, 0xff, 0xff, 0xff, 0x0, 0x2, 0xff, 0xff,
    0xf4, 0x0, 0x0, 0x1b, 0xfe, 0x40, 0x0,

    /* U+004B "K" */
    0x7f, 0xf0, 0x0, 0x0, 0x1, 0xff, 0xe0, 0x7f,
    0xf0, 0x0, 0x0, 0x3, 0xff, 0xc0, 0x7f, 0xf0,
    0x0, 0x0, 0xf, 0xff, 0x0, 0x7f, 0xf0, 0x0,
    0x0, 0x2f, 0xfd, 0x0, 0x7f, 0xf0, 0x0, 0x0,
    0xbf, 0xf8, 0x0, 0x7f, 0xf0, 0x0, 0x1, 0xff,
    0xf0, 0x0, 0x7f, 0xf0, 0x0, 0x3, 0xff, 0xc0,
    0x0, 0x7f, 0xf0, 0x0, 0xf, 0xff, 0x0, 0x0,
    0x7f, 0xf0, 0x0, 0x2f, 0xfd, 0x0, 0x0, 0x7f,
    0xf0, 0x0, 0x7f, 0xf8, 0x0, 0x0, 0x7f, 0xf0,
    0x0, 0xff, 0xf0, 0x0, 0x0, 0x7f, 0xf0, 0x3,
    0xff, 0xc0, 0x0, 0x0, 0x7f, 0xf0, 0xb, 0xff,
    0x0, 0x0, 0x0, 0x7f, 0xf0, 0x2f, 0xfd, 0x0,
    0x0, 0x0, 0x7f, 0xf0, 0x7f, 0xfe, 0x0, 0x0,
    0x0, 0x7f, 0xf0, 0xff, 0xff, 0x0, 0x0, 0x0,
    0x7f, 0xf3, 0xff, 0xff, 0x80, 0x0, 0x0, 0x7f,
    0xfb, 0xff, 0xff, 0xd0, 0x0, 0x0, 0x7f, 0xff,
    0xfd, 0xff, 0xf0, 0x0, 0x0, 0x7f, 0xff, 0xf4,
    0x7f, 0xf4, 0x0, 0x0, 0x7f, 0xff, 0xd0, 0x3f,
    0xfc, 0x0, 0x0, 0x7f, 0xff, 0x40, 0xf, 0xfe,
    0x0, 0x0, 0x7f, 0xfe, 0x0, 0xb, 0xff, 0x0,
    0x0, 0x7f, 0xf8, 0x0, 0x3, 0xff, 0x80, 0x0,
    0x7f, 0xf0, 0x0, 0x2, 0xff, 0xd0, 0x0, 0x7f,
    0xf0, 0x0, 0x0, 0xff, 0xf0, 0x0, 0x7f, 0xf0,
    0x0, 0x0, 0x7f, 0xf4, 0x0, 0x7f, 0xf0, 0x0,
    0x0, 0x3f, 0xfc, 0x0, 0x7f, 0xf0, 0x0, 0x0,
    0x1f, 0xfe, 0x0, 0x7f, 0xf0, 0x0, 0x0, 0xf,
    0xff, 0x0, 0x7f, 0xf0, 0x0, 0x0, 0x7, 0xff,
    0x80, 0x7f, 0xf0, 0x0, 0x0, 0x3, 0xff, 0xd0,
    0x7f, 0xf0, 0x0, 0x0, 0x0, 0xff, 0xf0, 0x7f,
    0xf0, 0x0, 0x0, 0x0, 0xbf, 0xf4, 0x7f, 0xf0,
    0x0, 0x0, 0x0, 0x3f, 0xfc,

    /* U+004C "L" */
    0x7f, 0xf0, 0x0, 0x0, 0x0, 0x1, 0xff, 0xc0,
    0x0, 0x0, 0x0, 0x7, 0xff, 0x0, 0x0, 0x0,
    0x0, 0x1f, 0xfc, 0x0, 0x0, 0x0, 0x0, 0x7f,
    0xf0, 0x0, 0x0, 0x0, 0x1, 0xff, 0xc0, 0x0,
    0x0, 0x0, 0x7, 0xff, 0x0, 0x0, 0x0, 0x0,
    0x1f, 0xfc, 0x0, 0x0, 0x0, 0x0, 0x7f, 0xf0,
    0x0, 0x0, 0x0, 0x1, 0xff, 0xc0, 0x0, 0x0,
    0x0, 0x7, 0xff, 0x0, 0x0, 0x0, 0x0, 0x1f,
    0xfc, 0x0, 0x0, 0x0, 0x0, 0x7f, 0xf0, 0x0,
    0x0, 0x0, 0x1, 0xff, 0xc0, 0x0, 0x0, 0x0,
    0x7, 0xff, 0x0, 0x0, 0x0, 0x0, 0x1f, 0xfc,
    0x0, 0x0, 0x0, 0x0, 0x7f, 0xf0, 0x0, 0x0,
    0x0, 0x1, 0xff, 0xc0, 0x0, 0x0, 0x0, 0x7,
    0xff, 0x0, 0x0, 0x0, 0x0, 0x1f, 0xfc, 0x0,
    0x0, 0x0, 0x0, 0x7f, 0xf0, 0x0, 0x0, 0x0,
    0x1, 0xff, 0xc0, 0x0, 0x0, 0x0, 0x7, 0xff,
    0x0, 0x0, 0x0, 0x0, 0x1f, 0xfc, 0x0, 0x0,
    0x0, 0x0, 0x7f, 0xf0, 0x0, 0x0, 0x0, 0x1,
    0xff, 0xc0, 0x0, 0x0, 0x0, 0x7, 0xff, 0x0,
    0x0, 0x0, 0x0, 0x1f, 0xfc, 0x0, 0x0, 0x0,
    0x0, 0x7f, 0xf0, 0x0, 0x0, 0x0, 0x1, 0xff,
    0xc0, 0x0, 0x0, 0x0, 0x7, 0xff, 0xff, 0xff,
    0xff, 0xff, 0x5f, 0xff, 0xff, 0xff, 0xff, 0xfd,
    0x7f, 0xff, 0xff, 0xff, 0xff, 0xf5, 0xff, 0xff,
    0xff, 0xff, 0xff, 0xd7, 0xff, 0xff, 0xff, 0xff,
    0xff, 0x40,

    /* U+004D "M" */
    0x7f, 0xe0, 0x0, 0x0, 0x0, 0x0, 0x7f, 0xf7,
    0xff, 0x0, 0x0, 0x0, 0x0, 0xb, 0xff, 0x7f,
    0xf8, 0x0, 0x0, 0x0, 0x0, 0xff, 0xf7, 0xff,
    0xc0, 0x0, 0x0, 0x0, 0x2f, 0xff, 0x7f, 0xfd,
    0x0, 0x0, 0x0, 0x3, 0xff, 0xf7, 0xff, 0xf0,
    0x0, 0x0, 0x0, 0x7f, 0xff, 0x7f, 0xff, 0x40,
    0x0, 0x0, 0xf, 0xff, 0xf7, 0xff, 0xfc, 0x0,
    0x0, 0x0, 0xff, 0xff, 0x7f, 0xff, 0xc0, 0x0,
    0x0, 0x2f, 0xff, 0xf7, 0xff, 0xfe, 0x0, 0x0,
    0x3, 0xff, 0xff, 0x7f, 0xff, 0xf0, 0x0, 0x0,
    0x7f, 0xff, 0xf7, 0xff, 0xff, 0x40, 0x0, 0xf,
    0xff, 0xff, 0x7f, 0xff, 0xfc, 0x0, 0x1, 0xff,
    0xff, 0xf7, 0xff, 0xff, 0xd0, 0x0, 0x3f, 0xff,
    0xff, 0x7f, 0xf7, 0xff, 0x0, 0x3, 0xff, 0x7f,
    0xf7, 0xff, 0x3f, 0xf0, 0x0, 0xbf, 0xe7, 0xff,
    0x7f, 0xf2, 0xff, 0x80, 0xf, 0xfc, 0x7f, 0xf7,
    0xff, 0xf, 0xfc, 0x1, 0xff, 0x87, 0xff, 0x7f,
    0xf0, 0xff, 0xd0, 0x3f, 0xf4, 0x7f, 0xf7, 0xff,
    0x7, 0xff, 0x7, 0xff, 0x7, 0xff, 0x7f, 0xf0,
    0x3f, 0xf4, 0xbf, 0xd0, 0x7f, 0xf7, 0xff, 0x2,
    0xff, 0xcf, 0xfc, 0x7, 0xff, 0x7f, 0xf0, 0xf,
    0xfe, 0xff, 0x80, 0x7f, 0xf7, 0xff, 0x0, 0xbf,
    0xff, 0xf0, 0x7, 0xff, 0x7f, 0xf0, 0x7, 0xff,
    0xfe, 0x0, 0x7f, 0xf7, 0xff, 0x0, 0x3f, 0xff,
    0xd0, 0x7, 0xff, 0x7f, 0xf0, 0x1, 0xff, 0xfc,
    0x0, 0x7f, 0xf7, 0xff, 0x0, 0xf, 0xff, 0x40,
    0x7, 0xff, 0x7f, 0xf0, 0x0, 0xbf, 0xf0, 0x0,
    0x7f, 0xf7, 0xff, 0x0, 0x3, 0xfe, 0x0, 0x7,
    0xff, 0x7f, 0xf0, 0x0, 0x0, 0x0, 0x0, 0x7f,
    0xf7, 0xff, 0x0, 0x0, 0x0, 0x0, 0x7, 0xff,
    0x7f, 0xf0, 0x0, 0x0, 0x0, 0x0, 0x7f, 0xf7,
    0xff, 0x0, 0x0, 0x0, 0x0, 0x7, 0xff, 0x7f,
    0xf0, 0x0, 0x0, 0x0, 0x0, 0x7f, 0xf0,

    /* U+004E "N" */
    0x7f, 0xf0, 0x0, 0x0, 0x0, 0x3f, 0xf5, 0xff,
    0xd0, 0x0, 0x0, 0x0, 0xff, 0xd7, 0xff, 0xc0,
    0x0, 0x0, 0x3, 0xff, 0x5f, 0xff, 0x80, 0x0,
    0x0, 0xf, 0xfd, 0x7f, 0xff, 0x40, 0x0, 0x0,
    0x3f, 0xf5, 0xff, 0xff, 0x0, 0x0, 0x0, 0xff,
    0xd7, 0xff, 0xfe, 0x0, 0x0, 0x3, 0xff, 0x5f,
    0xff, 0xfc, 0x0, 0x0, 0xf, 0xfd, 0x7f, 0xff,
    0xfc, 0x0, 0x0, 0x3f, 0xf5, 0xff, 0xff, 0xf4,
    0x0, 0x0, 0xff, 0xd7, 0xff, 0xff, 0xf0, 0x0,
    0x3, 0xff, 0x5f, 0xfc, 0xff, 0xe0, 0x0, 0xf,
    0xfd, 0x7f, 0xf2, 0xff, 0xd0, 0x0, 0x3f, 0xf5,
    0xff, 0xc3, 0xff, 0xc0, 0x0, 0xff, 0xd7, 0xff,
    0x7, 0xff, 0x80, 0x3, 0xff, 0x5f, 0xfc, 0xb,
    0xff, 0x0, 0xf, 0xfd, 0x7f, 0xf0, 0xf, 0xff,
    0x0, 0x3f, 0xf5, 0xff, 0xc0, 0x1f, 0xfd, 0x0,
    0xff, 0xd7, 0xff, 0x0, 0x3f, 0xfc, 0x3, 0xff,
    0x5f, 0xfc, 0x0, 0x3f, 0xf8, 0xf, 0xfd, 0x7f,
    0xf0, 0x0, 0xbf, 0xf4, 0x3f, 0xf5, 0xff, 0xc0,
    0x0, 0xff, 0xf0, 0xff, 0xd7, 0xff, 0x0, 0x1,
    0xff, 0xd3, 0xff, 0x5f, 0xfc, 0x0, 0x3, 0xff,
    0xcf, 0xfd, 0x7f, 0xf0, 0x0, 0x3, 0xff, 0xbf,
    0xf5, 0xff, 0xc0, 0x0, 0xb, 0xff, 0xff, 0xd7,
    0xff, 0x0, 0x0, 0xf, 0xff, 0xff, 0x5f, 0xfc,
    0x0, 0x0, 0x1f, 0xff, 0xfd, 0x7f, 0xf0, 0x0,
    0x0, 0x2f, 0xff, 0xf5, 0xff, 0xc0, 0x0, 0x0,
    0x3f, 0xff, 0xd7, 0xff, 0x0, 0x0, 0x0, 0x7f,
    0xff, 0x5f, 0xfc, 0x0, 0x0, 0x0, 0xff, 0xfd,
    0x7f, 0xf0, 0x0, 0x0, 0x0, 0xff, 0xf5, 0xff,
    0xc0, 0x0, 0x0, 0x2, 0xff, 0xd7, 0xff, 0x0,
    0x0, 0x0, 0x3, 0xff, 0x40,

    /* U+004F "O" */
    0x0, 0x0, 0x6f, 0xfe, 0x40, 0x0, 0x0, 0x1,
    0xff, 0xff, 0xfe, 0x0, 0x0, 0x2, 0xff, 0xff,
    0xff, 0xf0, 0x0, 0x3, 0xff, 0xff, 0xff, 0xff,
    0x40, 0x3, 0xff, 0xff, 0xff, 0xff, 0xf0, 0x2,
    0xff, 0xfe, 0x56, 0xff, 0xff, 0x0, 0xff, 0xf8,
    0x0, 0xb, 0xff, 0xe0, 0xbf, 0xf8, 0x0, 0x0,
    0x7f, 0xfc, 0x3f, 0xfc, 0x0, 0x0, 0xb, 0xff,
    0x4f, 0xfd, 0x0, 0x0, 0x0, 0xff, 0xe7, 0xff,
    0x0, 0x0, 0x0, 0x3f, 0xf9, 0xff, 0xc0, 0x0,
    0x0, 0xb, 0xfe, 0x7f, 0xf0, 0x0, 0x0, 0x1,
    0xff, 0xdf, 0xf8, 0x0, 0x0, 0x0, 0x7f, 0xf7,
    0xfe, 0x0, 0x0, 0x0, 0x1f, 0xfe, 0xff, 0x80,
    0x0, 0x0, 0x7, 0xff, 0xbf, 0xe0, 0x0, 0x0,
    0x1, 0xff, 0xef, 0xf8, 0x0, 0x0, 0x0, 0x7f,
    0xfb, 0xfe, 0x0, 0x0, 0x0, 0x1f, 0xfe, 0xff,
    0x80, 0x0, 0x0, 0x7, 0xff, 0x7f, 0xe0, 0x0,
    0x0, 0x1, 0xff, 0xdf, 0xf8, 0x0, 0x0, 0x0,
    0x7f, 0xf7, 0xff, 0x0, 0x0, 0x0, 0x1f, 0xfd,
    0xff, 0xc0, 0x0, 0x0, 0xb, 0xfe, 0x7f, 0xf0,
    0x0, 0x0, 0x2, 0xff, 0x8f, 0xfd, 0x0, 0x0,
    0x0, 0xff, 0xe3, 0xff, 0xc0, 0x0, 0x0, 0xbf,
    0xf4, 0xbf, 0xf8, 0x0, 0x0, 0x7f, 0xfc, 0xf,
    0xff, 0x80, 0x0, 0x7f, 0xfe, 0x2, 0xff, 0xfe,
    0x55, 0xff, 0xff, 0x0, 0x3f, 0xff, 0xff, 0xff,
    0xff, 0x0, 0x3, 0xff, 0xff, 0xff, 0xff, 0x40,
    0x0, 0x2f, 0xff, 0xff, 0xff, 0x0, 0x0, 0x1,
    0xff, 0xff, 0xfe, 0x0, 0x0, 0x0, 0x6, 0xff,
    0xe4, 0x0, 0x0,

    /* U+0050 "P" */
    0x7f, 0xff, 0xff, 0xff, 0x90, 0x0, 0x1f, 0xff,
    0xff, 0xff, 0xff, 0x40, 0x7, 0xff, 0xff, 0xff,
    0xff, 0xf8, 0x1, 0xff, 0xff, 0xff, 0xff, 0xff,
    0xc0, 0x7f, 0xff, 0xff, 0xff, 0xff, 0xf8, 0x1f,
    0xfc, 0x0, 0x0, 0x6f, 0xff, 0x7, 0xff, 0x0,
    0x0, 0x1, 0xff, 0xe1, 0xff, 0xc0, 0x0, 0x0,
    0x2f, 0xfc, 0x7f, 0xf0, 0x0, 0x0, 0x3, 0xff,
    0x1f, 0xfc, 0x0, 0x0, 0x0, 0xff, 0xd7, 0xff,
    0x0, 0x0, 0x0, 0x3f, 0xf5, 0xff, 0xc0, 0x0,
    0x0, 0xf, 0xfd, 0x7f, 0xf0, 0x0, 0x0, 0x3,
    0xff, 0x1f, 0xfc, 0x0, 0x0, 0x2, 0xff, 0xc7,
    0xff, 0x0, 0x0, 0x1, 0xff, 0xe1, 0xff, 0xc0,
    0x0, 0x6, 0xff, 0xf0, 0x7f, 0xff, 0xff, 0xff,
    0xff, 0xf4, 0x1f, 0xff, 0xff, 0xff, 0xff, 0xfc,
    0x7, 0xff, 0xff, 0xff, 0xff, 0xfc, 0x1, 0xff,
    0xff, 0xff, 0xff, 0xf4, 0x0, 0x7f, 0xff, 0xff,
    0xff, 0x90, 0x0, 0x1f, 0xfc, 0x0, 0x0, 0x0,
    0x0, 0x7, 0xff, 0x0, 0x0, 0x0, 0x0, 0x1,
    0xff, 0xc0, 0x0, 0x0, 0x0, 0x0, 0x7f, 0xf0,
    0x0, 0x0, 0x0, 0x0, 0x1f, 0xfc, 0x0, 0x0,
    0x0, 0x0, 0x7, 0xff, 0x0, 0x0, 0x0, 0x0,
    0x1, 0xff, 0xc0, 0x0, 0x0, 0x0, 0x0, 0x7f,
    0xf0, 0x0, 0x0, 0x0, 0x0, 0x1f, 0xfc, 0x0,
    0x0, 0x0, 0x0, 0x7, 0xff, 0x0, 0x0, 0x0,
    0x0, 0x1, 0xff, 0xc0, 0x0, 0x0, 0x0, 0x0,
    0x7f, 0xf0, 0x0, 0x0, 0x0, 0x0, 0x1f, 0xfc,
    0x0, 0x0, 0x0, 0x0, 0x7, 0xff, 0x0, 0x0,
    0x0, 0x0, 0x0,

    /* U+0051 "Q" */
    0x0, 0x0, 0x6f, 0xfe, 0x40, 0x0, 0x0, 0x0,
    0x1, 0xff, 0xff, 0xfe, 0x0, 0x0, 0x0, 0x2,
    0xff, 0xff, 0xff, 0xf0, 0x0, 0x0, 0x3, 0xff,
    0xff, 0xff, 0xff, 0x40, 0x0, 0x3, 0xff, 0xff,
    0xff, 0xff, 0xf0, 0x0, 0x2, 0xff, 0xfe, 0x56,
    0xff, 0xff, 0x0, 0x0, 0xff, 0xf8, 0x0, 0xb,
    0xff, 0xe0, 0x0, 0xbf, 0xf8, 0x0, 0x0, 0x7f,
    0xfc, 0x0, 0x3f, 0xfc, 0x0, 0x0, 0xb, 0xff,
    0x40, 0xf, 0xfd, 0x0, 0x0, 0x0, 0xff, 0xe0,
    0x7, 0xff, 0x0, 0x0, 0x0, 0x3f, 0xf8, 0x1,
    0xff, 0xc0, 0x0, 0x0, 0xb, 0xfe, 0x0, 0x7f,
    0xf0, 0x0, 0x0, 0x1, 0xff, 0xc0, 0x1f, 0xf8,
    0x0, 0x0, 0x0, 0x7f, 0xf0, 0x7, 0xfe, 0x0,
    0x0, 0x0, 0x1f, 0xfc, 0x2, 0xff, 0x80, 0x0,
    0x0, 0x7, 0xff, 0x0, 0xbf, 0xe0, 0x0, 0x0,
    0x1, 0xff, 0xc0, 0x2f, 0xf8, 0x0, 0x0, 0x0,
    0x7f, 0xf0, 0xb, 0xfe, 0x0, 0x0, 0x0, 0x1f,
    0xfc, 0x2, 0xff, 0x80, 0x0, 0x0, 0x7, 0xff,
    0x0, 0x7f, 0xe0, 0x0, 0x0, 0x1, 0xff, 0xc0,
    0x1f, 0xf8, 0x0, 0x0, 0x0, 0x7f, 0xf0, 0x7,
    0xff, 0x0, 0x0, 0xb4, 0x1f, 0xfc, 0x1, 0xff,
    0xc0, 0x0, 0x7f, 0x8b, 0xfe, 0x0, 0x7f, 0xf0,
    0x0, 0x7f, 0xff, 0xff, 0x80, 0xf, 0xfd, 0x0,
    0x1f, 0xff, 0xff, 0xd0, 0x3, 0xff, 0xc0, 0x0,
    0xff, 0xff, 0xf4, 0x0, 0xbf, 0xf8, 0x0, 0xb,
    0xff, 0xfc, 0x0, 0xf, 0xff, 0x80, 0x0, 0xff,
    0xff, 0x0, 0x2, 0xff, 0xfe, 0x55, 0xff, 0xff,
    0xf4, 0x0, 0x3f, 0xff, 0xff, 0xff, 0xff, 0xff,
    0x40, 0x3, 0xff, 0xff, 0xff, 0xff, 0xff, 0xf8,
    0x0, 0x2f, 0xff, 0xff, 0xff, 0x2f, 0xfe, 0x0,
    0x1, 0xff, 0xff, 0xfe, 0x1, 0xfe, 0x0, 0x0,
    0x6, 0xff, 0xe4, 0x0, 0x1f, 0x0, 0x0, 0x0,
    0x0, 0x0, 0x0, 0x0, 0x0,

    /* U+0052 "R" */
    0x7f, 0xff, 0xff, 0xff, 0xe0, 0x0, 0x7, 0xff,
    0xff, 0xff, 0xff, 0xe0, 0x0, 0x7f, 0xff, 0xff,
    0xff, 0xff, 0xc0, 0x7, 0xff, 0xff, 0xff, 0xff,
    0xff, 0x0, 0x7f, 0xfa, 0xaa, 0xab, 0xff, 0xf8,
    0x7, 0xff, 0x0, 0x0, 0x2, 0xff, 0xd0, 0x7f,
    0xf0, 0x0, 0x0, 0xb, 0xfe, 0x7, 0xff, 0x0,
    0x0, 0x0, 0x3f, 0xf0, 0x7f, 0xf0, 0x0, 0x0,
    0x2, 0xff, 0x7, 0xff, 0x0, 0x0, 0x0, 0x2f,
    0xf4, 0x7f, 0xf0, 0x0, 0x0, 0x2, 0xff, 0x47,
    0xff, 0x0, 0x0, 0x0, 0x3f, 0xf0, 0x7f, 0xf0,
    0x0, 0x0, 0x3, 0xff, 0x7, 0xff, 0x0, 0x0,
    0x0, 0xff, 0xe0, 0x7f, 0xf0, 0x0, 0x0, 0x7f,
    0xfd, 0x7, 0xff, 0xaa, 0xaa, 0xbf, 0xff, 0x80,
    0x7f, 0xff, 0xff, 0xff, 0xff, 0xf0, 0x7, 0xff,
    0xff, 0xff, 0xff, 0xfc, 0x0, 0x7f, 0xff, 0xff,
    0xff, 0xfe, 0x0, 0x7, 0xff, 0xff, 0xff, 0xff,
    0x0, 0x0, 0x7f, 0xf0, 0x0, 0x7f, 0xf4, 0x0,
    0x7, 0xff, 0x0, 0x3, 0xff, 0xc0, 0x0, 0x7f,
    0xf0, 0x0, 0x1f, 0xfd, 0x0, 0x7, 0xff, 0x0,
    0x0, 0xff, 0xf0, 0x0, 0x7f, 0xf0, 0x0, 0x7,
    0xff, 0x40, 0x7, 0xff, 0x0, 0x0, 0x3f, 0xfc,
    0x0, 0x7f, 0xf0, 0x0, 0x1, 0xff, 0xd0, 0x7,
    0xff, 0x0, 0x0, 0xf, 0xff, 0x0, 0x7f, 0xf0,
    0x0, 0x0, 0xbf, 0xf4, 0x7, 0xff, 0x0, 0x0,
    0x3, 0xff, 0xc0, 0x7f, 0xf0, 0x0, 0x0, 0x2f,
    0xfd, 0x7, 0xff, 0x0, 0x0, 0x0, 0xff, 0xf0,
    0x7f, 0xf0, 0x0, 0x0, 0xb, 0xff, 0x47, 0xff,
    0x0, 0x0, 0x0, 0x3f, 0xfc, 0x7f, 0xf0, 0x0,
    0x0, 0x2, 0xff, 0xd0,

    /* U+0053 "S" */
    0x0, 0x0, 0x1b, 0xff, 0xe4, 0x0, 0x0, 0x0,
    0x2f, 0xff, 0xff, 0xf8, 0x0, 0x0, 0xf, 0xff,
    0xff, 0xff, 0xf8, 0x0, 0x3, 0xff, 0xff, 0xff,
    0xff, 0xf4, 0x0, 0xff, 0xff, 0xff, 0xff, 0xff,
    0x0, 0x1f, 0xff, 0xe5, 0x5b, 0xff, 0xd0, 0x3,
    0xff, 0xd0, 0x0, 0x6, 0xfc, 0x0, 0x3f, 0xf4,
    0x0, 0x0, 0x2, 0x0, 0x7, 0xff, 0x0, 0x0,
    0x0, 0x0, 0x0, 0x7f, 0xe0, 0x0, 0x0, 0x0,
    0x0, 0x7, 0xfe, 0x0, 0x0, 0x0, 0x0, 0x0,
    0x7f, 0xf0, 0x0, 0x0, 0x0, 0x0, 0x3, 0xff,
    0x40, 0x0, 0x0, 0x0, 0x0, 0x3f, 0xfd, 0x0,
    0x0, 0x0, 0x0, 0x1, 0xff, 0xfe, 0x40, 0x0,
    0x0, 0x0, 0xf, 0xff, 0xff, 0xfe, 0x40, 0x0,
    0x0, 0x3f, 0xff, 0xff, 0xff, 0x80, 0x0, 0x0,
    0xff, 0xff, 0xff, 0xff, 0x40, 0x0, 0x1, 0xff,
    0xff, 0xff, 0xfd, 0x0, 0x0, 0x1, 0x6f, 0xff,
    0xff, 0xf0, 0x0, 0x0, 0x0, 0x0, 0x6f, 0xff,
    0x80, 0x0, 0x0, 0x0, 0x0, 0x3f, 0xfc, 0x0,
    0x0, 0x0, 0x0, 0x0, 0xff, 0xd0, 0x0, 0x0,
    0x0, 0x0, 0xb, 0xfe, 0x0, 0x0, 0x0, 0x0,
    0x0, 0xbf, 0xe0, 0x0, 0x0, 0x0, 0x0, 0xb,
    0xfe, 0x0, 0x40, 0x0, 0x0, 0x0, 0xff, 0xe0,
    0x3e, 0x0, 0x0, 0x0, 0x1f, 0xfd, 0xf, 0xfe,
    0x0, 0x0, 0x7, 0xff, 0xc2, 0xff, 0xff, 0x95,
    0x5b, 0xff, 0xf8, 0x3f, 0xff, 0xff, 0xff, 0xff,
    0xff, 0x0, 0xbf, 0xff, 0xff, 0xff, 0xff, 0xd0,
    0x1, 0xff, 0xff, 0xff, 0xff, 0xf4, 0x0, 0x1,
    0xff, 0xff, 0xff, 0xf8, 0x0, 0x0, 0x0, 0x6f,
    0xff, 0xe4, 0x0, 0x0,

    /* U+0054 "T" */
    0xff, 0xff, 0xff, 0xff, 0xff, 0xff, 0xff, 0xff,
    0xff, 0xff, 0xff, 0xff, 0xff, 0xff, 0xff, 0xff,
    0xff, 0xff, 0xff, 0xff, 0xff, 0xff, 0xff, 0xff,
    0xaa, 0xaa, 0xbf, 0xfe, 0xaa, 0xaa, 0x0, 0x0,
    0x2f, 0xf8, 0x0, 0x0, 0x0, 0x0, 0x2f, 0xf8,
    0x0, 0x0, 0x0, 0x0, 0x2f, 0xf8, 0x0, 0x0,
    0x0, 0x0, 0x2f, 0xf8, 0x0, 0x0, 0x0, 0x0,
    0x2f, 0xf8, 0x0, 0x0, 0x0, 0x0, 0x2f, 0xf8,
    0x0, 0x0, 0x0, 0x0, 0x2f, 0xf8, 0x0, 0x0,
    0x0, 0x0, 0x2f, 0xf8, 0x0, 0x0, 0x0, 0x0,
    0x2f, 0xf8, 0x0, 0x0, 0x0, 0x0, 0x2f, 0xf8,
    0x0, 0x0, 0x0, 0x0, 0x2f, 0xf8, 0x0, 0x0,
    0x0, 0x0, 0x2f, 0xf8, 0x0, 0x0, 0x0, 0x0,
    0x2f, 0xf8, 0x0, 0x0, 0x0, 0x0, 0x2f, 0xf8,
    0x0, 0x0, 0x0, 0x0, 0x2f, 0xf8, 0x0, 0x0,
    0x0, 0x0, 0x2f, 0xf8, 0x0, 0x0, 0x0, 0x0,
    0x2f, 0xf8, 0x0, 0x0, 0x0, 0x0, 0x2f, 0xf8,
    0x0, 0x0, 0x0, 0x0, 0x2f, 0xf8, 0x0, 0x0,
    0x0, 0x0, 0x2f, 0xf8, 0x0, 0x0, 0x0, 0x0,
    0x2f, 0xf8, 0x0, 0x0, 0x0, 0x0, 0x2f, 0xf8,
    0x0, 0x0, 0x0, 0x0, 0x2f, 0xf8, 0x0, 0x0,
    0x0, 0x0, 0x2f, 0xf8, 0x0, 0x0, 0x0, 0x0,
    0x2f, 0xf8, 0x0, 0x0, 0x0, 0x0, 0x2f, 0xf8,
    0x0, 0x0, 0x0, 0x0, 0x2f, 0xf8, 0x0, 0x0,
    0x0, 0x0, 0x2f, 0xf8, 0x0, 0x0, 0x0, 0x0,
    0x2f, 0xf8, 0x0, 0x0, 0x0, 0x0, 0x2f, 0xf8,
    0x0, 0x0,

    /* U+0055 "U" */
    0xff, 0xc0, 0x0, 0x0, 0x3, 0xff, 0x7f, 0xf0,
    0x0, 0x0, 0x0, 0xff, 0xdf, 0xfc, 0x0, 0x0,
    0x0, 0x3f, 0xf7, 0xff, 0x0, 0x0, 0x0, 0xf,
    0xfd, 0xff, 0xc0, 0x0, 0x0, 0x3, 0xff, 0x7f,
    0xf0, 0x0, 0x0, 0x0, 0xff, 0xdf, 0xfc, 0x0,
    0x0, 0x0, 0x3f, 0xf7, 0xff, 0x0, 0x0, 0x0,
    0xf, 0xfd, 0xff, 0xc0, 0x0, 0x0, 0x3, 0xff,
    0x7f, 0xf0, 0x0, 0x0, 0x0, 0xff, 0xdf, 0xfc,
    0x0, 0x0, 0x0, 0x3f, 0xf7, 0xff, 0x0, 0x0,
    0x0, 0xf, 0xfd, 0xff, 0xc0, 0x0, 0x0, 0x3,
    0xff, 0x7f, 0xf0, 0x0, 0x0, 0x0, 0xff, 0xdf,
    0xfc, 0x0, 0x0, 0x0, 0x3f, 0xf7, 0xff, 0x0,
    0x0, 0x0, 0xf, 0xfd, 0xff, 0xc0, 0x0, 0x0,
    0x3, 0xff, 0x7f, 0xf0, 0x0, 0x0, 0x0, 0xff,
    0xdf, 0xfc, 0x0, 0x0, 0x0, 0x3f, 0xf7, 0xff,
    0x0, 0x0, 0x0, 0xf, 0xfd, 0xff, 0xc0, 0x0,
    0x0, 0x3, 0xff, 0x7f, 0xf0, 0x0, 0x0, 0x0,
    0xff, 0xdf, 0xfc, 0x0, 0x0, 0x0, 0x3f, 0xf7,
    0xff, 0x40, 0x0, 0x0, 0xf, 0xfd, 0xff, 0xd0,
    0x0, 0x0, 0x3, 0xff, 0x2f, 0xf8, 0x0, 0x0,
    0x1, 0xff, 0xc7, 0xff, 0x0, 0x0, 0x0, 0xff,
    0xf0, 0xff, 0xf0, 0x0, 0x0, 0xbf, 0xf8, 0x3f,
    0xff, 0x0, 0x0, 0xbf, 0xfc, 0x3, 0xff, 0xf9,
    0x56, 0xff, 0xfe, 0x0, 0x7f, 0xff, 0xff, 0xff,
    0xff, 0x0, 0xb, 0xff, 0xff, 0xff, 0xff, 0x0,
    0x0, 0x7f, 0xff, 0xff, 0xfe, 0x0, 0x0, 0x2,
    0xff, 0xff, 0xfd, 0x0, 0x0, 0x0, 0x6, 0xff,
    0xe4, 0x0, 0x0,

    /* U+0056 "V" */
    0xbf, 0xe0, 0x0, 0x0, 0x0, 0x3f, 0xf9, 0xff,
    0xc0, 0x0, 0x0, 0x0, 0xff, 0xc3, 0xff, 0x40,
    0x0, 0x0, 0xb, 0xff, 0xf, 0xfe, 0x0, 0x0,
    0x0, 0x3f, 0xf8, 0x1f, 0xfc, 0x0, 0x0, 0x0,
    0xff, 0xc0, 0x3f, 0xf0, 0x0, 0x0, 0x7, 0xff,
    0x0, 0xff, 0xd0, 0x0, 0x0, 0x2f, 0xf8, 0x1,
    0xff, 0xc0, 0x0, 0x0, 0xff, 0xd0, 0x3, 0xff,
    0x0, 0x0, 0x7, 0xff, 0x0, 0xf, 0xfd, 0x0,
    0x0, 0x2f, 0xf8, 0x0, 0x2f, 0xf8, 0x0, 0x0,
    0xff, 0xd0, 0x0, 0x3f, 0xf0, 0x0, 0x3, 0xff,
    0x0, 0x0, 0xff, 0xc0, 0x0, 0x1f, 0xf8, 0x0,
    0x2, 0xff, 0x80, 0x0, 0xbf, 0xd0, 0x0, 0x3,
    0xff, 0x0, 0x3, 0xff, 0x0, 0x0, 0xf, 0xfc,
    0x0, 0x1f, 0xf8, 0x0, 0x0, 0x2f, 0xf4, 0x0,
    0xbf, 0xd0, 0x0, 0x0, 0x7f, 0xe0, 0x3, 0xff,
    0x0, 0x0, 0x0, 0xff, 0xc0, 0xf, 0xf8, 0x0,
    0x0, 0x2, 0xff, 0x40, 0x7f, 0xd0, 0x0, 0x0,
    0x7, 0xfe, 0x3, 0xff, 0x0, 0x0, 0x0, 0xf,
    0xfc, 0xf, 0xfc, 0x0, 0x0, 0x0, 0x2f, 0xf0,
    0x7f, 0xd0, 0x0, 0x0, 0x0, 0x7f, 0xd2, 0xff,
    0x0, 0x0, 0x0, 0x0, 0xff, 0x8f, 0xfc, 0x0,
    0x0, 0x0, 0x2, 0xff, 0x7f, 0xd0, 0x0, 0x0,
    0x0, 0x7, 0xff, 0xff, 0x0, 0x0, 0x0, 0x0,
    0xf, 0xff, 0xfc, 0x0, 0x0, 0x0, 0x0, 0x2f,
    0xff, 0xd0, 0x0, 0x0, 0x0, 0x0, 0x7f, 0xff,
    0x0, 0x0, 0x0, 0x0, 0x0, 0xff, 0xfc, 0x0,
    0x0, 0x0, 0x0, 0x3, 0xff, 0xe0, 0x0, 0x0,
    0x0, 0x0, 0x7, 0xff, 0x0, 0x0, 0x0, 0x0,
    0x0, 0xf, 0xfc, 0x0, 0x0, 0x0, 0x0, 0x0,
    0x3f, 0xe0, 0x0, 0x0, 0x0,

    /* U+0057 "W" */
    0x7f, 0xf0, 0x0, 0x0, 0xf, 0xf0, 0x0, 0x0,
    0xf, 0xfd, 0x3f, 0xf4, 0x0, 0x0, 0x1f, 0xf4,
    0x0, 0x0, 0x1f, 0xfc, 0x3f, 0xf8, 0x0, 0x0,
    0x2f, 0xf8, 0x0, 0x0, 0x2f, 0xfc, 0x2f, 0xfc,
    0x0, 0x0, 0x3f, 0xfc, 0x0, 0x0, 0x3f, 0xf8,
    0x1f, 0xfc, 0x0, 0x0, 0x3f, 0xfc, 0x0, 0x0,
    0x3f, 0xf4, 0xf, 0xfc, 0x0, 0x0, 0x7f, 0xfd,
    0x0, 0x0, 0x3f, 0xf0, 0xf, 0xfd, 0x0, 0x0,
    0xbf, 0xfe, 0x0, 0x0, 0x7f, 0xf0, 0xb, 0xfe,
    0x0, 0x0, 0xff, 0xff, 0x0, 0x0, 0xbf, 0xe0,
    0x7, 0xff, 0x0, 0x0, 0xff, 0xff, 0x0, 0x0,
    0xff, 0xd0, 0x3, 0xff, 0x0, 0x1, 0xff, 0xff,
    0x40, 0x0, 0xff, 0xc0, 0x3, 0xff, 0x40, 0x2,
    0xff, 0xff, 0x80, 0x1, 0xff, 0xc0, 0x2, 0xff,
    0x80, 0x3, 0xfe, 0xbf, 0xc0, 0x2, 0xff, 0x80,
    0x1, 0xff, 0x80, 0x3, 0xfd, 0x7f, 0xc0, 0x2,
    0xff, 0x40, 0x0, 0xff, 0xc0, 0x7, 0xfc, 0x3f,
    0xd0, 0x3, 0xff, 0x0, 0x0, 0xff, 0xc0, 0xb,
    0xf8, 0x2f, 0xe0, 0x3, 0xff, 0x0, 0x0, 0xbf,
    0xd0, 0xf, 0xf4, 0x1f, 0xf0, 0x7, 0xfe, 0x0,
    0x0, 0x7f, 0xe0, 0x1f, 0xf0, 0xf, 0xf4, 0xb,
    0xfd, 0x0, 0x0, 0x3f, 0xf0, 0x2f, 0xf0, 0xf,
    0xf8, 0xf, 0xfc, 0x0, 0x0, 0x3f, 0xf0, 0x3f,
    0xe0, 0xb, 0xfc, 0xf, 0xfc, 0x0, 0x0, 0x2f,
    0xf4, 0x3f, 0xd0, 0x7, 0xfc, 0xf, 0xf8, 0x0,
    0x0, 0x1f, 0xf4, 0x7f, 0xc0, 0x3, 0xfd, 0x1f,
    0xf4, 0x0, 0x0, 0xf, 0xf8, 0xbf, 0xc0, 0x3,
    0xfe, 0x2f, 0xf0, 0x0, 0x0, 0xf, 0xfc, 0xff,
    0x80, 0x2, 0xff, 0x3f, 0xf0, 0x0, 0x0, 0xb,
    0xfc, 0xff, 0x40, 0x1, 0xff, 0x3f, 0xe0, 0x0,
    0x0, 0x7, 0xfe, 0xff, 0x0, 0x0, 0xff, 0xbf,
    0xd0, 0x0, 0x0, 0x3, 0xff, 0xff, 0x0, 0x0,
    0xff, 0xff, 0xc0, 0x0, 0x0, 0x3, 0xff, 0xfe,
    0x0, 0x0, 0xbf, 0xff, 0xc0, 0x0, 0x0, 0x2,
    0xff, 0xfd, 0x0, 0x0, 0x7f, 0xff, 0x80, 0x0,
    0x0, 0x1, 0xff, 0xfc, 0x0, 0x0, 0x3f, 0xff,
    0x40, 0x0, 0x0, 0x0, 0xff, 0xfc, 0x0, 0x0,
    0x3f, 0xff, 0x0, 0x0, 0x0, 0x0, 0xff, 0xf8,
    0x0, 0x0, 0x2f, 0xff, 0x0, 0x0, 0x0, 0x0,
    0xbf, 0xf4, 0x0, 0x0, 0x1f, 0xfe, 0x0, 0x0,
    0x0, 0x0, 0x7f, 0xf0, 0x0, 0x0, 0xf, 0xfe,
    0x0, 0x0, 0x0, 0x0, 0x3f, 0xf0, 0x0, 0x0,
    0xf, 0xfd, 0x0, 0x0, 0x0, 0x0, 0x3f, 0xe0,
    0x0, 0x0, 0xb, 0xfc, 0x0, 0x0,

    /* U+0058 "X" */
    0x1f, 0xfd, 0x0, 0x0, 0x0, 0xbf, 0xf4, 0xf,
    0xff, 0x0, 0x0, 0x0, 0xff, 0xe0, 0x7, 0xff,
    0x80, 0x0, 0x2, 0xff, 0xc0, 0x3, 0xff, 0xc0,
    0x0, 0x3, 0xff, 0x80, 0x0, 0xff, 0xe0, 0x0,
    0xf, 0xff, 0x0, 0x0, 0xbf, 0xf0, 0x0, 0x1f,
    0xfd, 0x0, 0x0, 0x3f, 0xfc, 0x0, 0x3f, 0xfc,
    0x0, 0x0, 0x1f, 0xfd, 0x0, 0x7f, 0xf4, 0x0,
    0x0, 0xf, 0xff, 0x0, 0xff, 0xe0, 0x0, 0x0,
    0x7, 0xff, 0x42, 0xff, 0xc0, 0x0, 0x0, 0x2,
    0xff, 0xc3, 0xff, 0x80, 0x0, 0x0, 0x0, 0xff,
    0xeb, 0xff, 0x0, 0x0, 0x0, 0x0, 0xbf, 0xff,
    0xfd, 0x0, 0x0, 0x0, 0x0, 0x3f, 0xff, 0xfc,
    0x0, 0x0, 0x0, 0x0, 0x1f, 0xff, 0xf4, 0x0,
    0x0, 0x0, 0x0, 0xf, 0xff, 0xe0, 0x0, 0x0,
    0x0, 0x0, 0x7, 0xff, 0xc0, 0x0, 0x0, 0x0,
    0x0, 0x3, 0xff, 0xc0, 0x0, 0x0, 0x0, 0x0,
    0xf, 0xff, 0xe0, 0x0, 0x0, 0x0, 0x0, 0x1f,
    0xff, 0xf0, 0x0, 0x0, 0x0, 0x0, 0x3f, 0xff,
    0xfc, 0x0, 0x0, 0x0, 0x0, 0xbf, 0xff, 0xfd,
    0x0, 0x0, 0x0, 0x0, 0xff, 0xef, 0xff, 0x0,
    0x0, 0x0, 0x2, 0xff, 0xc3, 0xff, 0x80, 0x0,
    0x0, 0x7, 0xff, 0x42, 0xff, 0xc0, 0x0, 0x0,
    0xf, 0xff, 0x0, 0xff, 0xe0, 0x0, 0x0, 0x1f,
    0xfd, 0x0, 0x7f, 0xf4, 0x0, 0x0, 0x3f, 0xf8,
    0x0, 0x3f, 0xfc, 0x0, 0x0, 0xbf, 0xf0, 0x0,
    0x1f, 0xfd, 0x0, 0x0, 0xff, 0xe0, 0x0, 0xf,
    0xff, 0x0, 0x3, 0xff, 0xc0, 0x0, 0x3, 0xff,
    0x80, 0x7, 0xff, 0x40, 0x0, 0x2, 0xff, 0xc0,
    0xf, 0xff, 0x0, 0x0, 0x0, 0xff, 0xf0, 0x2f,
    0xfd, 0x0, 0x0, 0x0, 0x7f, 0xf4, 0x3f, 0xf8,
    0x0, 0x0, 0x0, 0x3f, 0xfc,

    /* U+0059 "Y" */
    0x7f, 0xf0, 0x0, 0x0, 0x0, 0xff, 0xd3, 0xff,
    0x40, 0x0, 0x0, 0x1f, 0xfc, 0x1f, 0xfc, 0x0,
    0x0, 0x3, 0xff, 0x80, 0xff, 0xd0, 0x0, 0x0,
    0x7f, 0xf0, 0x7, 0xff, 0x0, 0x0, 0xf, 0xfe,
    0x0, 0x3f, 0xf4, 0x0, 0x1, 0xff, 0xc0, 0x1,
    0xff, 0xc0, 0x0, 0x2f, 0xf8, 0x0, 0xf, 0xfd,
    0x0, 0x3, 0xff, 0x0, 0x0, 0x7f, 0xf0, 0x0,
    0xbf, 0xe0, 0x0, 0x3, 0xff, 0x0, 0xf, 0xfc,
    0x0, 0x0, 0x1f, 0xf8, 0x2, 0xff, 0x80, 0x0,
    0x0, 0xff, 0xc0, 0x3f, 0xf0, 0x0, 0x0, 0x7,
    0xfe, 0xb, 0xfe, 0x0, 0x0, 0x0, 0x3f, 0xf0,
    0xff, 0xc0, 0x0, 0x0, 0x1, 0xff, 0x9f, 0xf8,
    0x0, 0x0, 0x0, 0xf, 0xff, 0xff, 0x0, 0x0,
    0x0, 0x0, 0x7f, 0xff, 0xe0, 0x0, 0x0, 0x0,
    0x3, 0xff, 0xfc, 0x0, 0x0, 0x0, 0x0, 0x1f,
    0xff, 0x80, 0x0, 0x0, 0x0, 0x0, 0xff, 0xf0,
    0x0, 0x0, 0x0, 0x0, 0x7, 0xfe, 0x0, 0x0,
    0x0, 0x0, 0x0, 0x7f, 0xd0, 0x0, 0x0, 0x0,
    0x0, 0x7, 0xfd, 0x0, 0x0, 0x0, 0x0, 0x0,
    0x7f, 0xd0, 0x0, 0x0, 0x0, 0x0, 0x7, 0xfd,
    0x0, 0x0, 0x0, 0x0, 0x0, 0x7f, 0xd0, 0x0,
    0x0, 0x0, 0x0, 0x7, 0xfd, 0x0, 0x0, 0x0,
    0x0, 0x0, 0x7f, 0xd0, 0x0, 0x0, 0x0, 0x0,
    0x7, 0xfd, 0x0, 0x0, 0x0, 0x0, 0x0, 0x7f,
    0xd0, 0x0, 0x0, 0x0, 0x0, 0x7, 0xfd, 0x0,
    0x0, 0x0, 0x0, 0x0, 0x7f, 0xd0, 0x0, 0x0,
    0x0, 0x0, 0x7, 0xfd, 0x0, 0x0, 0x0, 0x0,
    0x0, 0x7f, 0xd0, 0x0, 0x0, 0x0, 0x0, 0x7,
    0xfd, 0x0, 0x0, 0x0,

    /* U+005A "Z" */
    0x3f, 0xff, 0xff, 0xff, 0xff, 0xf4, 0xff, 0xff,
    0xff, 0xff, 0xff, 0xd3, 0xff, 0xff, 0xff, 0xff,
    0xff, 0x4f, 0xff, 0xff, 0xff, 0xff, 0xfd, 0x2a,
    0xaa, 0xaa, 0xaa, 0xff, 0xf0, 0x0, 0x0, 0x0,
    0x7, 0xff, 0x40, 0x0, 0x0, 0x0, 0x3f, 0xfc,
    0x0, 0x0, 0x0, 0x2, 0xff, 0xd0, 0x0, 0x0,
    0x0, 0xf, 0xfe, 0x0, 0x0, 0x0, 0x0, 0xff,
    0xf0, 0x0, 0x0, 0x0, 0x7, 0xff, 0x80, 0x0,
    0x0, 0x0, 0x3f, 0xfc, 0x0, 0x0, 0x0, 0x2,
    0xff, 0xd0, 0x0, 0x0, 0x0, 0xf, 0xfe, 0x0,
    0x0, 0x0, 0x0, 0xff, 0xf0, 0x0, 0x0, 0x0,
    0x7, 0xff, 0x80, 0x0, 0x0, 0x0, 0x3f, 0xfc,
    0x0, 0x0, 0x0, 0x2, 0xff, 0xd0, 0x0, 0x0,
    0x0, 0xf, 0xfe, 0x0, 0x0, 0x0, 0x0, 0xff,
    0xf0, 0x0, 0x0, 0x0, 0x7, 0xff, 0x80, 0x0,
    0x0, 0x0, 0x3f, 0xfc, 0x0, 0x0, 0x0, 0x2,
    0xff, 0xd0, 0x0, 0x0, 0x0, 0xf, 0xff, 0x0,
    0x0, 0x0, 0x0, 0xff, 0xf0, 0x0, 0x0, 0x0,
    0x7, 0xff, 0x80, 0x0, 0x0, 0x0, 0x3f, 0xfc,
    0x0, 0x0, 0x0, 0x2, 0xff, 0xd0, 0x0, 0x0,
    0x0, 0xf, 0xff, 0x0, 0x0, 0x0, 0x0, 0xff,
    0xf0, 0x0, 0x0, 0x0, 0x7, 0xff, 0xff, 0xff,
    0xff, 0xff, 0x5f, 0xff, 0xff, 0xff, 0xff, 0xfd,
    0x7f, 0xff, 0xff, 0xff, 0xff, 0xf5, 0xff, 0xff,
    0xff, 0xff, 0xff, 0xd7, 0xff, 0xff, 0xff, 0xff,
    0xff, 0x40,

    /* U+005B "[" */
    0xbf, 0xff, 0xdb, 0xff, 0xfd, 0xbf, 0xff, 0xdb,
    0xfc, 0x0, 0xbf, 0xc0, 0xb, 0xfc, 0x0, 0xbf,
    0xc0, 0xb, 0xfc, 0x0, 0xbf, 0xc0, 0xb, 0xfc,
    0x0, 0xbf, 0xc0, 0xb, 0xfc, 0x0, 0xbf, 0xc0,
    0xb, 0xfc, 0x0, 0xbf, 0xc0, 0xb, 0xfc, 0x0,
    0xbf, 0xc0, 0xb, 0xfc, 0x0, 0xbf, 0xc0, 0xb,
    0xfc, 0x0, 0xbf, 0xc0, 0xb, 0xfc, 0x0, 0xbf,
    0xc0, 0xb, 0xfc, 0x0, 0xbf, 0xc0, 0xb, 0xfc,
    0x0, 0xbf, 0xc0, 0xb, 0xfc, 0x0, 0xbf, 0xc0,
    0xb, 0xfc, 0x0, 0xbf, 0xc0, 0xb, 0xfc, 0x0,
    0xbf, 0xc0, 0xb, 0xfc, 0x0, 0xbf, 0xc0, 0xb,
    0xfc, 0x0, 0xbf, 0xc0, 0xb, 0xff, 0xfd, 0xbf,
    0xff, 0xdb, 0xff, 0xfd,

    /* U+005C "\\" */
    0x3f, 0xc0, 0x0, 0x0, 0x2f, 0xc0, 0x0, 0x0,
    0xf, 0xd0, 0x0, 0x0, 0xf, 0xe0, 0x0, 0x0,
    0xb, 0xf0, 0x0, 0x0, 0x7, 0xf4, 0x0, 0x0,
    0x3, 0xf8, 0x0, 0x0, 0x2, 0xfc, 0x0, 0x0,
    0x1, 0xfd, 0x0, 0x0, 0x0, 0xfe, 0x0, 0x0,
    0x0, 0xbf, 0x0, 0x0, 0x0, 0x7f, 0x40, 0x0,
    0x0, 0x3f, 0x80, 0x0, 0x0, 0x2f, 0xc0, 0x0,
    0x0, 0x1f, 0xc0, 0x0, 0x0, 0xf, 0xe0, 0x0,
    0x0, 0xf, 0xf0, 0x0, 0x0, 0x7, 0xf0, 0x0,
    0x0, 0x3, 0xf8, 0x0, 0x0, 0x3, 0xfc, 0x0,
    0x0, 0x1, 0xfc, 0x0, 0x0, 0x0, 0xfd, 0x0,
    0x0, 0x0, 0xff, 0x0, 0x0, 0x0, 0xbf, 0x0,
    0x0, 0x0, 0x3f, 0x40, 0x0, 0x0, 0x3f, 0x80,
    0x0, 0x0, 0x2f, 0xc0, 0x0, 0x0, 0x1f, 0xd0,
    0x0, 0x0, 0xf, 0xe0, 0x0, 0x0, 0xb, 0xf0,
    0x0, 0x0, 0x7, 0xf4, 0x0, 0x0, 0x3, 0xf8,
    0x0, 0x0, 0x2, 0xfc, 0x0, 0x0, 0x1, 0xfd,
    0x0, 0x0, 0x0, 0xfe,

    /* U+005D "]" */
    0xff, 0xff, 0xff, 0xff, 0xff, 0xff, 0xfc, 0x2,
    0xff, 0x0, 0x7f, 0xc0, 0x1f, 0xf0, 0x7, 0xfc,
    0x1, 0xff, 0x0, 0x7f, 0xc0, 0x1f, 0xf0, 0x7,
    0xfc, 0x1, 0xff, 0x0, 0x7f, 0xc0, 0x1f, 0xf0,
    0x7, 0xfc, 0x1, 0xff, 0x0, 0x7f, 0xc0, 0x1f,
    0xf0, 0x7, 0xfc, 0x1, 0xff, 0x0, 0x7f, 0xc0,
    0x1f, 0xf0, 0x7, 0xfc, 0x1, 0xff, 0x0, 0x7f,
    0xc0, 0x1f, 0xf0, 0x7, 0xfc, 0x1, 0xff, 0x0,
    0x7f, 0xc0, 0x1f, 0xf0, 0x7, 0xfc, 0x1, 0xff,
    0x0, 0x7f, 0xc0, 0x1f, 0xf0, 0x7, 0xfc, 0x1,
    0xff, 0x0, 0xbf, 0xff, 0xff, 0xff, 0xff, 0xff,
    0xff, 0xff,

    /* U+005E "^" */
    0x0, 0x0, 0xb, 0xf0, 0x0, 0x0, 0x0, 0x0,
    0xf, 0xf4, 0x0, 0x0, 0x0, 0x0, 0x2f, 0xfc,
    0x0, 0x0, 0x0, 0x0, 0x3f, 0xfd, 0x0, 0x0,
    0x0, 0x0, 0xbf, 0xbf, 0x0, 0x0, 0x0, 0x0,
    0xfe, 0x3f, 0x40, 0x0, 0x0, 0x2, 0xfc, 0x3f,
    0xc0, 0x0, 0x0, 0x3, 0xf8, 0x1f, 0xd0, 0x0,
    0x0, 0x7, 0xf0, 0xf, 0xf0, 0x0, 0x0, 0xf,
    0xe0, 0x7, 0xf4, 0x0, 0x0, 0x1f, 0xc0, 0x3,
    0xf8, 0x0, 0x0, 0x3f, 0xc0, 0x1, 0xfc, 0x0,
    0x0, 0x7f, 0x40, 0x0, 0xfe, 0x0, 0x0, 0xff,
    0x0, 0x0, 0xbf, 0x0, 0x1, 0xfd, 0x0, 0x0,
    0x3f, 0x80, 0x3, 0xfc, 0x0, 0x0, 0x2f, 0xc0,
    0x7, 0xf4, 0x0, 0x0, 0xf, 0xe0, 0xf, 0xf0,
    0x0, 0x0, 0xb, 0xf0, 0x1f, 0xe0, 0x0, 0x0,
    0x7, 0xf8, 0x3f, 0xc0, 0x0, 0x0, 0x3, 0xfc,
    0x7f, 0x80, 0x0, 0x0, 0x1, 0xfe,

    /* U+005F "_" */
    0x55, 0x55, 0x55, 0x55, 0x55, 0x55, 0x3f, 0xff,
    0xff, 0xff, 0xff, 0xff, 0xcf, 0xff, 0xff, 0xff,
    0xff, 0xff, 0xf0,

    /* U+0060 "`" */
    0x3f, 0xfc, 0x0, 0xf, 0xff, 0x0, 0x3, 0xff,
    0x40, 0x0, 0xff, 0xc0, 0x0, 0x3f, 0xe0, 0x0,
    0xf, 0xf4, 0x0, 0x3, 0xfc,

    /* U+0061 "a" */
    0x0, 0x6, 0xff, 0xe4, 0x0, 0x0, 0xbf, 0xff,
    0xff, 0x80, 0x3, 0xff, 0xff, 0xff, 0xf0, 0xb,
    0xff, 0xff, 0xff, 0xf8, 0x2, 0xff, 0xea, 0xff,
    0xfc, 0x0, 0xb8, 0x0, 0xf, 0xfd, 0x0, 0x0,
    0x0, 0x3, 0xfe, 0x0, 0x0, 0x0, 0x3, 0xff,
    0x0, 0x0, 0x0, 0x3, 0xff, 0x0, 0x0, 0x0,
    0x3, 0xff, 0x0, 0x2f, 0xff, 0xff, 0xff, 0x1,
    0xff, 0xff, 0xff, 0xff, 0x7, 0xff, 0xff, 0xff,
    0xff, 0xf, 0xff, 0xff, 0xff, 0xff, 0x2f, 0xfd,
    0x0, 0x3, 0xff, 0x3f, 0xe0, 0x0, 0x3, 0xff,
    0x3f, 0xd0, 0x0, 0x3, 0xff, 0x3f, 0xd0, 0x0,
    0x3, 0xff, 0x3f, 0xe0, 0x0, 0x7, 0xff, 0x3f,
    0xf8, 0x0, 0xf, 0xff, 0x2f, 0xff, 0xaa, 0xff,
    0xff, 0xf, 0xff, 0xff, 0xff, 0xff, 0x7, 0xff,
    0xff, 0xff, 0xff, 0x0, 0xff, 0xff, 0xf7, 0xff,
    0x0, 0x1b, 0xff, 0x83, 0xff,

    /* U+0062 "b" */
    0xff, 0xc0, 0x0, 0x0, 0x0, 0xff, 0xc0, 0x0,
    0x0, 0x0, 0xff, 0xc0, 0x0, 0x0, 0x0, 0xff,
    0xc0, 0x0, 0x0, 0x0, 0xff, 0xc0, 0x0, 0x0,
    0x0, 0xff, 0xc0, 0x0, 0x0, 0x0, 0xff, 0xc0,
    0x0, 0x0, 0x0, 0xff, 0xc0, 0x0, 0x0, 0x0,
    0xff, 0xc0, 0x0, 0x0, 0x0, 0xff, 0xc0, 0x0,
    0x0, 0x0, 0xff, 0xc0, 0x6f, 0xe4, 0x0, 0xff,
    0xc3, 0xff, 0xff, 0x0, 0xff, 0xef, 0xff, 0xff,
    0xd0, 0xff, 0xff, 0xff, 0xff, 0xf0, 0xff, 0xff,
    0xff, 0xff, 0xf8, 0xff, 0xfd, 0x0, 0xbf, 0xfc,
    0xff, 0xf4, 0x0, 0x1f, 0xfd, 0xff, 0xf0, 0x0,
    0xf, 0xfd, 0xff, 0xe0, 0x0, 0xb, 0xfe, 0xff,
    0xd0, 0x0, 0x7, 0xfe, 0xff, 0xc0, 0x0, 0x7,
    0xfe, 0xff, 0xc0, 0x0, 0x7, 0xfe, 0xff, 0xc0,
    0x0, 0x7, 0xfe, 0xff, 0xc0, 0x0, 0x7, 0xfe,
    0xff, 0xc0, 0x0, 0x7, 0xfe, 0xff, 0xd0, 0x0,
    0x7, 0xfe, 0xff, 0xe0, 0x0, 0xb, 0xfe, 0xff,
    0xf0, 0x0, 0xf, 0xfd, 0xff, 0xf4, 0x0, 0x1f,
    0xfd, 0xff, 0xfd, 0x0, 0xbf, 0xfc, 0xff, 0xff,
    0xff, 0xff, 0xf8, 0xff, 0xff, 0xff, 0xff, 0xf0,
    0xff, 0xef, 0xff, 0xff, 0xd0, 0xff, 0xc7, 0xff,
    0xff, 0x40, 0xff, 0xc0, 0x7f, 0xe4, 0x0,

    /* U+0063 "c" */
    0x0, 0x1, 0xbf, 0xf8, 0x0, 0x0, 0x7, 0xff,
    0xff, 0xe0, 0x0, 0xb, 0xff, 0xff, 0xff, 0x40,
    0xb, 0xff, 0xff, 0xff, 0xf4, 0xb, 0xff, 0xff,
    0xff, 0xff, 0x3, 0xff, 0xe4, 0x7, 0xfe, 0x2,
    0xff, 0xd0, 0x0, 0x1e, 0x0, 0xff, 0xd0, 0x0,
    0x1, 0x0, 0x3f, 0xf0, 0x0, 0x0, 0x0, 0x1f,
    0xf8, 0x0, 0x0, 0x0, 0xb, 0xfd, 0x0, 0x0,
    0x0, 0x2, 0xff, 0x40, 0x0, 0x0, 0x0, 0xbf,
    0xc0, 0x0, 0x0, 0x0, 0x2f, 0xf4, 0x0, 0x0,
    0x0, 0xb, 0xfd, 0x0, 0x0, 0x0, 0x1, 0xff,
    0x80, 0x0, 0x0, 0x0, 0x3f, 0xf0, 0x0, 0x0,
    0x0, 0xf, 0xfd, 0x0, 0x0, 0x10, 0x2, 0xff,
    0xc0, 0x0, 0x2e, 0x0, 0x3f, 0xfe, 0x0, 0x7f,
    0xe0, 0xb, 0xff, 0xff, 0xff, 0xff, 0x0, 0xff,
    0xff, 0xff, 0xff, 0x40, 0xb, 0xff, 0xff, 0xff,
    0x40, 0x0, 0x7f, 0xff, 0xfe, 0x0, 0x0, 0x1,
    0xbf, 0xf8, 0x0, 0x0,

    /* U+0064 "d" */
    0x0, 0x0, 0x0, 0x7, 0xfe, 0x0, 0x0, 0x0,
    0x7, 0xfe, 0x0, 0x0, 0x0, 0x7, 0xfe, 0x0,
    0x0, 0x0, 0x7, 0xfe, 0x0, 0x0, 0x0, 0x7,
    0xfe, 0x0, 0x0, 0x0, 0x7, 0xfe, 0x0, 0x0,
    0x0, 0x7, 0xfe, 0x0, 0x0, 0x0, 0x7, 0xfe,
    0x0, 0x0, 0x0, 0x7, 0xfe, 0x0, 0x0, 0x0,
    0x7, 0xfe, 0x0, 0x1f, 0xf9, 0x7, 0xfe, 0x1,
    0xff, 0xff, 0xc7, 0xfe, 0x7, 0xff, 0xff, 0xfb,
    0xfe, 0xf, 0xff, 0xff, 0xff, 0xfe, 0x3f, 0xff,
    0xff, 0xff, 0xfe, 0x3f, 0xfd, 0x0, 0xbf, 0xfe,
    0x7f, 0xf0, 0x0, 0x1f, 0xfe, 0xbf, 0xf0, 0x0,
    0xf, 0xfe, 0xbf, 0xe0, 0x0, 0xb, 0xfe, 0xbf,
    0xd0, 0x0, 0xb, 0xfe, 0xff, 0xc0, 0x0, 0x7,
    0xfe, 0xff, 0xc0, 0x0, 0x7, 0xfe, 0xff, 0xc0,
    0x0, 0x7, 0xfe, 0xff, 0xc0, 0x0, 0x7, 0xfe,
    0xff, 0xc0, 0x0, 0x7, 0xfe, 0xbf, 0xd0, 0x0,
    0xb, 0xfe, 0xbf, 0xe0, 0x0, 0xb, 0xfe, 0xbf,
    0xf0, 0x0, 0xf, 0xfe, 0x7f, 0xf0, 0x0, 0x1f,
    0xfe, 0x3f, 0xfd, 0x0, 0xbf, 0xfe, 0x3f, 0xff,
    0xff, 0xff, 0xfe, 0x1f, 0xff, 0xff, 0xff, 0xfe,
    0x7, 0xff, 0xff, 0xfb, 0xfe, 0x1, 0xff, 0xff,
    0xd7, 0xfe, 0x0, 0x1f, 0xf9, 0x7, 0xfe,

    /* U+0065 "e" */
    0x0, 0x1, 0xbf, 0xe4, 0x0, 0x0, 0x7, 0xff,
    0xff, 0xd0, 0x0, 0xb, 0xff, 0xff, 0xfe, 0x0,
    0xb, 0xff, 0xff, 0xff, 0xe0, 0x7, 0xff, 0xfa,
    0xff, 0xfd, 0x3, 0xff, 0xd0, 0x7, 0xff, 0xc1,
    0xff, 0xc0, 0x0, 0x3f, 0xf4, 0xbf, 0xd0, 0x0,
    0xb, 0xfe, 0x3f, 0xf0, 0x0, 0x0, 0xff, 0xcf,
    0xfc, 0x0, 0x0, 0x3f, 0xf3, 0xff, 0xff, 0xff,
    0xff, 0xfc, 0xff, 0xff, 0xff, 0xff, 0xff, 0x3f,
    0xff, 0xff, 0xff, 0xff, 0xcf, 0xff, 0xff, 0xff,
    0xff, 0xf3, 0xff, 0x0, 0x0, 0x0, 0x0, 0xff,
    0xc0, 0x0, 0x0, 0x0, 0x3f, 0xf0, 0x0, 0x0,
    0x0, 0xb, 0xfe, 0x0, 0x0, 0x0, 0x1, 0xff,
    0xc0, 0x0, 0xa, 0x0, 0x3f, 0xfd, 0x0, 0x1f,
    0xe0, 0x7, 0xff, 0xfe, 0xff, 0xff, 0x0, 0xbf,
    0xff, 0xff, 0xff, 0xc0, 0xb, 0xff, 0xff, 0xff,
    0xc0, 0x0, 0x3f, 0xff, 0xff, 0x80, 0x0, 0x0,
    0xbf, 0xf9, 0x0, 0x0,

    /* U+0066 "f" */
    0x0, 0x6, 0xff, 0xc0, 0xf, 0xff, 0xf0, 0xf,
    0xff, 0xfc, 0x7, 0xff, 0xff, 0x2, 0xff, 0xea,
    0x80, 0xff, 0xc0, 0x0, 0x3f, 0xf0, 0x0, 0xf,
    0xfc, 0x0, 0x3, 0xff, 0x0, 0x0, 0xff, 0xc0,
    0x7, 0xff, 0xff, 0xfd, 0xff, 0xff, 0xff, 0x7f,
    0xff, 0xff, 0xdf, 0xff, 0xff, 0xe0, 0x3f, 0xf0,
    0x0, 0xf, 0xfc, 0x0, 0x3, 0xff, 0x0, 0x0,
    0xff, 0xc0, 0x0, 0x3f, 0xf0, 0x0, 0xf, 0xfc,
    0x0, 0x3, 0xff, 0x0, 0x0, 0xff, 0xc0, 0x0,
    0x3f, 0xf0, 0x0, 0xf, 0xfc, 0x0, 0x3, 0xff,
    0x0, 0x0, 0xff, 0xc0, 0x0, 0x3f, 0xf0, 0x0,
    0xf, 0xfc, 0x0, 0x3, 0xff, 0x0, 0x0, 0xff,
    0xc0, 0x0, 0x3f, 0xf0, 0x0, 0xf, 0xfc, 0x0,
    0x3, 0xff, 0x0, 0x0, 0xff, 0xc0, 0x0, 0x3f,
    0xf0, 0x0,

    /* U+0067 "g" */
    0x0, 0x1b, 0xfd, 0x3, 0xff, 0x1, 0xff, 0xff,
    0xd3, 0xff, 0x7, 0xff, 0xff, 0xfb, 0xff, 0xf,
    0xff, 0xff, 0xff, 0xff, 0x2f, 0xff, 0xff, 0xff,
    0xff, 0x3f, 0xfe, 0x0, 0xbf, 0xff, 0x7f, 0xf8,
    0x0, 0x1f, 0xff, 0x7f, 0xf0, 0x0, 0xb, 0xff,
    0xbf, 0xd0, 0x0, 0x7, 0xff, 0xbf, 0xd0, 0x0,
    0x3, 0xff, 0xbf, 0xd0, 0x0, 0x3, 0xff, 0xbf,
    0xd0, 0x0, 0x3, 0xff, 0xbf, 0xd0, 0x0, 0x3,
    0xff, 0xbf, 0xd0, 0x0, 0x3, 0xff, 0xbf, 0xd0,
    0x0, 0x3, 0xff, 0xbf, 0xd0, 0x0, 0x3, 0xff,
    0xbf, 0xd0, 0x0, 0x7, 0xff, 0x7f, 0xf0, 0x0,
    0xb, 0xff, 0x7f, 0xf8, 0x0, 0x1f, 0xff, 0x3f,
    0xfe, 0x0, 0xbf, 0xff, 0x2f, 0xff, 0xff, 0xff,
    0xff, 0xf, 0xff, 0xff, 0xff, 0xff, 0x7, 0xff,
    0xff, 0xfb, 0xff, 0x1, 0xff, 0xff, 0xd3, 0xff,
    0x0, 0x1f, 0xfd, 0x3, 0xff, 0x0, 0x0, 0x0,
    0x3, 0xfe, 0x0, 0x0, 0x0, 0x7, 0xfe, 0x0,
    0x0, 0x0, 0xf, 0xfd, 0x1, 0xd0, 0x0, 0x2f,
    0xfc, 0xb, 0xfd, 0x1, 0xff, 0xf8, 0x2f, 0xff,
    0xff, 0xff, 0xf0, 0x2f, 0xff, 0xff, 0xff, 0xd0,
    0x7, 0xff, 0xff, 0xff, 0x40, 0x0, 0xff, 0xff,
    0xf8, 0x0, 0x0, 0xb, 0xff, 0x80, 0x0,

    /* U+0068 "h" */
    0xff, 0xc0, 0x0, 0x0, 0x0, 0xff, 0xc0, 0x0,
    0x0, 0x0, 0xff, 0xc0, 0x0, 0x0, 0x0, 0xff,
    0xc0, 0x0, 0x0, 0x0, 0xff, 0xc0, 0x0, 0x0,
    0x0, 0xff, 0xc0, 0x0, 0x0, 0x0, 0xff, 0xc0,
    0x0, 0x0, 0x0, 0xff, 0xc0, 0x0, 0x0, 0x0,
    0xff, 0xc0, 0x0, 0x0, 0x0, 0xff, 0xc0, 0x0,
    0x0, 0x0, 0xff, 0xc0, 0x7f, 0xe4, 0x0, 0xff,
    0xc7, 0xff, 0xff, 0x0, 0xff, 0xef, 0xff, 0xff,
    0xd0, 0xff, 0xff, 0xff, 0xff, 0xf0, 0xff, 0xff,
    0xff, 0xff, 0xfc, 0xff, 0xfe, 0x0, 0xbf, 0xfc,
    0xff, 0xf4, 0x0, 0x2f, 0xfd, 0xff, 0xe0, 0x0,
    0xf, 0xfe, 0xff, 0xd0, 0x0, 0x7, 0xfe, 0xff,
    0xc0, 0x0, 0x7, 0xfe, 0xff, 0xc0, 0x0, 0x7,
    0xfe, 0xff, 0xc0, 0x0, 0x7, 0xfe, 0xff, 0xc0,
    0x0, 0x7, 0xfe, 0xff, 0xc0, 0x0, 0x7, 0xfe,
    0xff, 0xc0, 0x0, 0x7, 0xfe, 0xff, 0xc0, 0x0,
    0x7, 0xfe, 0xff, 0xc0, 0x0, 0x7, 0xfe, 0xff,
    0xc0, 0x0, 0x7, 0xfe, 0xff, 0xc0, 0x0, 0x7,
    0xfe, 0xff, 0xc0, 0x0, 0x7, 0xfe, 0xff, 0xc0,
    0x0, 0x7, 0xfe, 0xff, 0xc0, 0x0, 0x7, 0xfe,
    0xff, 0xc0, 0x0, 0x7, 0xfe, 0xff, 0xc0, 0x0,
    0x7, 0xfe, 0xff, 0xc0, 0x0, 0x7, 0xfe,

    /* U+0069 "i" */
    0xbf, 0xdb, 0xfd, 0xbf, 0xdb, 0xfd, 0xbf, 0xc0,
    0x0, 0x0, 0x0, 0x0, 0x0, 0x0, 0x0, 0xbf,
    0xdb, 0xfd, 0xbf, 0xdb, 0xfd, 0xbf, 0xdb, 0xfd,
    0xbf, 0xdb, 0xfd, 0xbf, 0xdb, 0xfd, 0xbf, 0xdb,
    0xfd, 0xbf, 0xdb, 0xfd, 0xbf, 0xdb, 0xfd, 0xbf,
    0xdb, 0xfd, 0xbf, 0xdb, 0xfd, 0xbf, 0xdb, 0xfd,
    0xbf, 0xdb, 0xfd, 0xbf, 0xd0,

    /* U+006A "j" */
    0x0, 0x3f, 0xe0, 0x3, 0xfe, 0x0, 0x3f, 0xe0,
    0x3, 0xfe, 0x0, 0x3f, 0xe0, 0x0, 0x0, 0x0,
    0x0, 0x0, 0x0, 0x0, 0x0, 0x0, 0x0, 0x0,
    0x0, 0x0, 0x3f, 0xe0, 0x3, 0xfe, 0x0, 0x3f,
    0xe0, 0x3, 0xfe, 0x0, 0x3f, 0xe0, 0x3, 0xfe,
    0x0, 0x3f, 0xe0, 0x3, 0xfe, 0x0, 0x3f, 0xe0,
    0x3, 0xfe, 0x0, 0x3f, 0xe0, 0x3, 0xfe, 0x0,
    0x3f, 0xe0, 0x3, 0xfe, 0x0, 0x3f, 0xe0, 0x3,
    0xfe, 0x0, 0x3f, 0xe0, 0x3, 0xfe, 0x0, 0x3f,
    0xe0, 0x3, 0xfe, 0x0, 0x3f, 0xe0, 0x3, 0xfe,
    0x0, 0x3f, 0xe0, 0x3, 0xfe, 0x0, 0x3f, 0xe0,
    0x3, 0xfe, 0x0, 0x3f, 0xe0, 0x3, 0xfe, 0x0,
    0x7f, 0xe0, 0xf, 0xfe, 0x2b, 0xff, 0xd7, 0xff,
    0xfc, 0x7f, 0xff, 0x7, 0xff, 0xd0, 0x7f, 0xd0,
    0x0,

    /* U+006B "k" */
    0xff, 0xc0, 0x0, 0x0, 0x0, 0xf, 0xfc, 0x0,
    0x0, 0x0, 0x0, 0xff, 0xc0, 0x0, 0x0, 0x0,
    0xf, 0xfc, 0x0, 0x0, 0x0, 0x0, 0xff, 0xc0,
    0x0, 0x0, 0x0, 0xf, 0xfc, 0x0, 0x0, 0x0,
    0x0, 0xff, 0xc0, 0x0, 0x0, 0x0, 0xf, 0xfc,
    0x0, 0x0, 0x0, 0x0, 0xff, 0xc0, 0x0, 0x0,
    0x0, 0xf, 0xfc, 0x0, 0x0, 0x0, 0x0, 0xff,
    0xc0, 0x0, 0xf, 0xff, 0xf, 0xfc, 0x0, 0x2,
    0xff, 0xc0, 0xff, 0xc0, 0x0, 0x7f, 0xf4, 0xf,
    0xfc, 0x0, 0xf, 0xfd, 0x0, 0xff, 0xc0, 0x3,
    0xff, 0x80, 0xf, 0xfc, 0x0, 0xff, 0xe0, 0x0,
    0xff, 0xc0, 0x2f, 0xfc, 0x0, 0xf, 0xfc, 0x7,
    0xff, 0x0, 0x0, 0xff, 0xc0, 0xff, 0xc0, 0x0,
    0xf, 0xfc, 0x3f, 0xf4, 0x0, 0x0, 0xff, 0xcf,
    0xff, 0x40, 0x0, 0xf, 0xfe, 0xff, 0xfc, 0x0,
    0x0, 0xff, 0xff, 0xff, 0xe0, 0x0, 0xf, 0xff,
    0xff, 0xff, 0x40, 0x0, 0xff, 0xff, 0x1f, 0xfc,
    0x0, 0xf, 0xff, 0xc0, 0xff, 0xe0, 0x0, 0xff,
    0xf4, 0x7, 0xff, 0x0, 0xf, 0xfd, 0x0, 0x2f,
    0xfc, 0x0, 0xff, 0xc0, 0x0, 0xff, 0xd0, 0xf,
    0xfc, 0x0, 0xb, 0xff, 0x0, 0xff, 0xc0, 0x0,
    0x3f, 0xf8, 0xf, 0xfc, 0x0, 0x2, 0xff, 0xd0,
    0xff, 0xc0, 0x0, 0xf, 0xff, 0xf, 0xfc, 0x0,
    0x0, 0x7f, 0xf8, 0xff, 0xc0, 0x0, 0x3, 0xff,
    0xd0,

    /* U+006C "l" */
    0xff, 0xc0, 0x3f, 0xf0, 0xf, 0xfc, 0x3, 0xff,
    0x0, 0xff, 0xc0, 0x3f, 0xf0, 0xf, 0xfc, 0x3,
    0xff, 0x0, 0xff, 0xc0, 0x3f, 0xf0, 0xf, 0xfc,
    0x3, 0xff, 0x0, 0xff, 0xc0, 0x3f, 0xf0, 0xf,
    0xfc, 0x3, 0xff, 0x0, 0xff, 0xc0, 0x3f, 0xf0,
    0xf, 0xfc, 0x3, 0xff, 0x0, 0xff, 0xc0, 0x3f,
    0xf0, 0xf, 0xfc, 0x3, 0xff, 0x0, 0xff, 0xc0,
    0x3f, 0xf0, 0xf, 0xfc, 0x3, 0xff, 0x0, 0xff,
    0xc0, 0x2f, 0xf4, 0xb, 0xff, 0xa5, 0xff, 0xfe,
    0x3f, 0xff, 0x83, 0xff, 0xe0, 0x1f, 0xf8,

    /* U+006D "m" */
    0xbf, 0xd0, 0x6f, 0xf9, 0x0, 0x6, 0xff, 0x90,
    0x2, 0xff, 0x4f, 0xff, 0xfe, 0x1, 0xff, 0xff,
    0xe0, 0xb, 0xfe, 0xff, 0xff, 0xff, 0x2f, 0xff,
    0xff, 0xf0, 0x2f, 0xff, 0xff, 0xff, 0xff, 0xff,
    0xff, 0xff, 0xf0, 0xbf, 0xff, 0xff, 0xff, 0xff,
    0xff, 0xff, 0xff, 0xe2, 0xff, 0xfd, 0x2, 0xff,
    0xff, 0xe0, 0x1f, 0xff, 0xcb, 0xff, 0x80, 0x1,
    0xff, 0xfd, 0x0, 0xb, 0xff, 0x6f, 0xfc, 0x0,
    0x2, 0xff, 0xe0, 0x0, 0xf, 0xfd, 0xbf, 0xe0,
    0x0, 0x3, 0xff, 0x0, 0x0, 0x2f, 0xf6, 0xff,
    0x40, 0x0, 0xf, 0xfc, 0x0, 0x0, 0x7f, 0xdb,
    0xfd, 0x0, 0x0, 0x3f, 0xf0, 0x0, 0x1, 0xff,
    0x6f, 0xf4, 0x0, 0x0, 0xff, 0xc0, 0x0, 0x7,
    0xfd, 0xbf, 0xd0, 0x0, 0x3, 0xff, 0x0, 0x0,
    0x1f, 0xf6, 0xff, 0x40, 0x0, 0xf, 0xfc, 0x0,
    0x0, 0x7f, 0xdb, 0xfd, 0x0, 0x0, 0x3f, 0xf0,
    0x0, 0x1, 0xff, 0x6f, 0xf4, 0x0, 0x0, 0xff,
    0xc0, 0x0, 0x7, 0xfd, 0xbf, 0xd0, 0x0, 0x3,
    0xff, 0x0, 0x0, 0x1f, 0xf6, 0xff, 0x40, 0x0,
    0xf, 0xfc, 0x0, 0x0, 0x7f, 0xdb, 0xfd, 0x0,
    0x0, 0x3f, 0xf0, 0x0, 0x1, 0xff, 0x6f, 0xf4,
    0x0, 0x0, 0xff, 0xc0, 0x0, 0x7, 0xfd, 0xbf,
    0xd0, 0x0, 0x3, 0xff, 0x0, 0x0, 0x1f, 0xf6,
    0xff, 0x40, 0x0, 0xf, 0xfc, 0x0, 0x0, 0x7f,
    0xdb, 0xfd, 0x0, 0x0, 0x3f, 0xf0, 0x0, 0x1,
    0xff, 0x6f, 0xf4, 0x0, 0x0, 0xff, 0xc0, 0x0,
    0x7, 0xfd, 0xbf, 0xd0, 0x0, 0x3, 0xff, 0x0,
    0x0, 0x1f, 0xf4,

    /* U+006E "n" */
    0xff, 0xc0, 0x7f, 0xe4, 0x0, 0xff, 0xc7, 0xff,
    0xff, 0x0, 0xff, 0xef, 0xff, 0xff, 0xd0, 0xff,
    0xff, 0xff, 0xff, 0xf0, 0xff, 0xff, 0xff, 0xff,
    0xfc, 0xff, 0xfe, 0x0, 0xbf, 0xfc, 0xff, 0xf4,
    0x0, 0x2f, 0xfd, 0xff, 0xe0, 0x0, 0xf, 0xfe,
    0xff, 0xd0, 0x0, 0x7, 0xfe, 0xff, 0xc0, 0x0,
    0x7, 0xfe, 0xff, 0xc0, 0x0, 0x7, 0xfe, 0xff,
    0xc0, 0x0, 0x7, 0xfe, 0xff, 0xc0, 0x0, 0x7,
    0xfe, 0xff, 0xc0, 0x0, 0x7, 0xfe, 0xff, 0xc0,
    0x0, 0x7, 0xfe, 0xff, 0xc0, 0x0, 0x7, 0xfe,
    0xff, 0xc0, 0x0, 0x7, 0xfe, 0xff, 0xc0, 0x0,
    0x7, 0xfe, 0xff, 0xc0, 0x0, 0x7, 0xfe, 0xff,
    0xc0, 0x0, 0x7, 0xfe, 0xff, 0xc0, 0x0, 0x7,
    0xfe, 0xff, 0xc0, 0x0, 0x7, 0xfe, 0xff, 0xc0,
    0x0, 0x7, 0xfe, 0xff, 0xc0, 0x0, 0x7, 0xfe,
    0xff, 0xc0, 0x0, 0x7, 0xfe,

    /* U+006F "o" */
    0x0, 0x6, 0xff, 0x90, 0x0, 0x0, 0x1f, 0xff,
    0xff, 0x40, 0x0, 0x2f, 0xff, 0xff, 0xf8, 0x0,
    0x2f, 0xff, 0xff, 0xff, 0x80, 0x1f, 0xff, 0xff,
    0xff, 0xf4, 0xf, 0xff, 0x80, 0x2f, 0xff, 0x7,
    0xff, 0x40, 0x1, 0xff, 0xd2, 0xff, 0x80, 0x0,
    0x2f, 0xf8, 0xff, 0xd0, 0x0, 0x3, 0xff, 0x3f,
    0xf0, 0x0, 0x0, 0xff, 0xcf, 0xfc, 0x0, 0x0,
    0x3f, 0xf3, 0xff, 0x0, 0x0, 0xf, 0xfc, 0xff,
    0xc0, 0x0, 0x3, 0xff, 0x3f, 0xf0, 0x0, 0x0,
    0xff, 0xcf, 0xfc, 0x0, 0x0, 0x3f, 0xf3, 0xff,
    0x0, 0x0, 0xf, 0xfc, 0xff, 0xd0, 0x0, 0x3,
    0xff, 0x2f, 0xf8, 0x0, 0x2, 0xff, 0x87, 0xff,
    0x40, 0x1, 0xff, 0xd0, 0xff, 0xf8, 0x2, 0xff,
    0xf0, 0x1f, 0xff, 0xff, 0xff, 0xf4, 0x2, 0xff,
    0xff, 0xff, 0xf8, 0x0, 0x2f, 0xff, 0xff, 0xf8,
    0x0, 0x1, 0xff, 0xff, 0xf4, 0x0, 0x0, 0x6,
    0xff, 0xd0, 0x0, 0x0,

    /* U+0070 "p" */
    0xff, 0xc0, 0x7f, 0xe4, 0x0, 0xff, 0xc7, 0xff,
    0xff, 0x0, 0xff, 0xef, 0xff, 0xff, 0xd0, 0xff,
    0xff, 0xff, 0xff, 0xf0, 0xff, 0xff, 0xff, 0xff,
    0xf8, 0xff, 0xfd, 0x0, 0xbf, 0xfc, 0xff, 0xf4,
    0x0, 0x1f, 0xfd, 0xff, 0xf0, 0x0, 0xf, 0xfd,
    0xff, 0xe0, 0x0, 0xb, 0xfe, 0xff, 0xd0, 0x0,
    0x7, 0xfe, 0xff, 0xc0, 0x0, 0x7, 0xfe, 0xff,
    0xc0, 0x0, 0x7, 0xfe, 0xff, 0xc0, 0x0, 0x7,
    0xfe, 0xff, 0xc0, 0x0, 0x7, 0xfe, 0xff, 0xc0,
    0x0, 0x7, 0xfe, 0xff, 0xd0, 0x0, 0x7, 0xfe,
    0xff, 0xe0, 0x0, 0xb, 0xfe, 0xff, 0xf0, 0x0,
    0xf, 0xfd, 0xff, 0xf0, 0x0, 0x1f, 0xfd, 0xff,
    0xfd, 0x0, 0xbf, 0xfc, 0xff, 0xff, 0xff, 0xff,
    0xf8, 0xff, 0xff, 0xff, 0xff, 0xf0, 0xff, 0xef,
    0xff, 0xff, 0xd0, 0xff, 0xc7, 0xff, 0xff, 0x40,
    0xff, 0xc0, 0x7f, 0xe4, 0x0, 0xff, 0xc0, 0x0,
    0x0, 0x0, 0xff, 0xc0, 0x0, 0x0, 0x0, 0xff,
    0xc0, 0x0, 0x0, 0x0, 0xff, 0xc0, 0x0, 0x0,
    0x0, 0xff, 0xc0, 0x0, 0x0, 0x0, 0xff, 0xc0,
    0x0, 0x0, 0x0, 0xff, 0xc0, 0x0, 0x0, 0x0,
    0xff, 0xc0, 0x0, 0x0, 0x0, 0xff, 0xc0, 0x0,
    0x0, 0x0, 0xff, 0xc0, 0x0, 0x0, 0x0,

    /* U+0071 "q" */
    0x0, 0x1b, 0xfd, 0x3, 0xff, 0x1, 0xff, 0xff,
    0xd3, 0xff, 0x7, 0xff, 0xff, 0xfb, 0xff, 0xf,
    0xff, 0xff, 0xff, 0xff, 0x2f, 0xff, 0xff, 0xff,
    0xff, 0x3f, 0xfe, 0x0, 0x7f, 0xff, 0x7f, 0xf4,
    0x0, 0x1f, 0xff, 0x7f, 0xf0, 0x0, 0xf, 0xff,
    0xbf, 0xe0, 0x0, 0xb, 0xff, 0xbf, 0xd0, 0x0,
    0x7, 0xff, 0xbf, 0xd0, 0x0, 0x7, 0xff, 0xbf,
    0xd0, 0x0, 0x3, 0xff, 0xbf, 0xd0, 0x0, 0x3,
    0xff, 0xbf, 0xd0, 0x0, 0x3, 0xff, 0xbf, 0xd0,
    0x0, 0x7, 0xff, 0xbf, 0xd0, 0x0, 0x7, 0xff,
    0xbf, 0xe0, 0x0, 0xb, 0xff, 0x7f, 0xf0, 0x0,
    0xf, 0xff, 0x7f, 0xf4, 0x0, 0x1f, 0xff, 0x3f,
    0xfe, 0x0, 0x7f, 0xff, 0x2f, 0xff, 0xff, 0xff,
    0xff, 0xf, 0xff, 0xff, 0xff, 0xff, 0x7, 0xff,
    0xff, 0xfb, 0xff, 0x1, 0xff, 0xff, 0xd3, 0xff,
    0x0, 0x1b, 0xf9, 0x3, 0xff, 0x0, 0x0, 0x0,
    0x3, 0xff, 0x0, 0x0, 0x0, 0x3, 0xff, 0x0,
    0x0, 0x0, 0x3, 0xff, 0x0, 0x0, 0x0, 0x3,
    0xff, 0x0, 0x0, 0x0, 0x3, 0xff, 0x0, 0x0,
    0x0, 0x3, 0xff, 0x0, 0x0, 0x0, 0x3, 0xff,
    0x0, 0x0, 0x0, 0x3, 0xff, 0x0, 0x0, 0x0,
    0x3, 0xff, 0x0, 0x0, 0x0, 0x3, 0xff,

    /* U+0072 "r" */
    0xff, 0xc0, 0x7f, 0xe4, 0x3f, 0xf1, 0xff, 0xff,
    0xdf, 0xfe, 0xff, 0xff, 0xf3, 0xff, 0xff, 0xff,
    0xf0, 0xff, 0xff, 0xff, 0xf4, 0x3f, 0xff, 0x80,
    0x78, 0xf, 0xff, 0x40, 0x0, 0x3, 0xff, 0x80,
    0x0, 0x0, 0xff, 0xd0, 0x0, 0x0, 0x3f, 0xf0,
    0x0, 0x0, 0xf, 0xfc, 0x0, 0x0, 0x3, 0xff,
    0x0, 0x0, 0x0, 0xff, 0xc0, 0x0, 0x0, 0x3f,
    0xf0, 0x0, 0x0, 0xf, 0xfc, 0x0, 0x0, 0x3,
    0xff, 0x0, 0x0, 0x0, 0xff, 0xc0, 0x0, 0x0,
    0x3f, 0xf0, 0x0, 0x0, 0xf, 0xfc, 0x0, 0x0,
    0x3, 0xff, 0x0, 0x0, 0x0, 0xff, 0xc0, 0x0,
    0x0, 0x3f, 0xf0, 0x0, 0x0, 0xf, 0xfc, 0x0,
    0x0, 0x3, 0xff, 0x0, 0x0, 0x0, 0xff, 0xc0,
    0x0, 0x0, 0x0,

    /* U+0073 "s" */
    0x0, 0x1, 0xbf, 0xf9, 0x0, 0x0, 0x2, 0xff,
    0xff, 0xfe, 0x0, 0x0, 0xff, 0xff, 0xff, 0xfe,
    0x0, 0x3f, 0xff, 0xff, 0xff, 0xf4, 0x7, 0xff,
    0xfa, 0xff, 0xfe, 0x0, 0xbf, 0xf0, 0x0, 0x6f,
    0xc0, 0xf, 0xfd, 0x0, 0x0, 0x20, 0x0, 0xff,
    0xc0, 0x0, 0x0, 0x0, 0xf, 0xfc, 0x0, 0x0,
    0x0, 0x0, 0xbf, 0xf0, 0x0, 0x0, 0x0, 0x7,
    0xff, 0xff, 0xfe, 0x90, 0x0, 0x2f, 0xff, 0xff,
    0xff, 0x80, 0x0, 0xbf, 0xff, 0xff, 0xff, 0x0,
    0x1, 0xff, 0xff, 0xff, 0xf4, 0x0, 0x0, 0x5a,
    0xbf, 0xff, 0xc0, 0x0, 0x0, 0x0, 0x1f, 0xfc,
    0x0, 0x0, 0x0, 0x0, 0xff, 0xc0, 0x14, 0x0,
    0x0, 0xb, 0xfd, 0x7, 0xe0, 0x0, 0x0, 0xff,
    0xc1, 0xff, 0xd0, 0x0, 0x3f, 0xfc, 0x3f, 0xff,
    0xfe, 0xff, 0xff, 0x81, 0xff, 0xff, 0xff, 0xff,
    0xf0, 0x3, 0xff, 0xff, 0xff, 0xfc, 0x0, 0x7,
    0xff, 0xff, 0xfe, 0x0, 0x0, 0x6, 0xff, 0xf9,
    0x0, 0x0,

    /* U+0074 "t" */
    0x0, 0x0, 0x0, 0x0, 0x14, 0x0, 0x0, 0xd0,
    0x0, 0xf, 0x40, 0x0, 0xfd, 0x0, 0xf, 0xf4,
    0x0, 0x7f, 0xd0, 0x2, 0xff, 0x40, 0xb, 0xfd,
    0x0, 0x2f, 0xf4, 0xf, 0xff, 0xff, 0xff, 0xff,
    0xff, 0xff, 0xff, 0xff, 0xff, 0xff, 0xf0, 0xbf,
    0xd0, 0x2, 0xff, 0x40, 0xb, 0xfd, 0x0, 0x2f,
    0xf4, 0x0, 0xbf, 0xd0, 0x2, 0xff, 0x40, 0xb,
    0xfd, 0x0, 0x2f, 0xf4, 0x0, 0xbf, 0xd0, 0x2,
    0xff, 0x40, 0xb, 0xfd, 0x0, 0x2f, 0xf4, 0x0,
    0xbf, 0xd0, 0x2, 0xff, 0x40, 0xb, 0xfd, 0x0,
    0x2f, 0xf4, 0x0, 0xbf, 0xd0, 0x2, 0xff, 0x40,
    0xb, 0xfd, 0x0, 0x2f, 0xf4, 0x0, 0xbf, 0xd0,
    0x0,

    /* U+0075 "u" */
    0xff, 0xc0, 0x0, 0x7, 0xfe, 0xff, 0xc0, 0x0,
    0x7, 0xfe, 0xff, 0xc0, 0x0, 0x7, 0xfe, 0xff,
    0xc0, 0x0, 0x7, 0xfe, 0xff, 0xc0, 0x0, 0x7,
    0xfe, 0xff, 0xc0, 0x0, 0x7, 0xfe, 0xff, 0xc0,
    0x0, 0x7, 0xfe, 0xff, 0xc0, 0x0, 0x7, 0xfe,
    0xff, 0xc0, 0x0, 0x7, 0xfe, 0xff, 0xc0, 0x0,
    0x7, 0xfe, 0xff, 0xc0, 0x0, 0x7, 0xfe, 0xff,
    0xc0, 0x0, 0x7, 0xfe, 0xff, 0xc0, 0x0, 0x7,
    0xfe, 0xff, 0xc0, 0x0, 0x7, 0xfe, 0xff, 0xc0,
    0x0, 0x7, 0xfe, 0xff, 0xc0, 0x0, 0x7, 0xfe,
    0xff, 0xd0, 0x0, 0x7, 0xfe, 0xbf, 0xe0, 0x0,
    0xf, 0xfe, 0xbf, 0xf4, 0x0, 0x2f, 0xfe, 0x7f,
    0xfe, 0x0, 0xbf, 0xfe, 0x3f, 0xff, 0xff, 0xff,
    0xfe, 0x1f, 0xff, 0xff, 0xff, 0xfe, 0x7, 0xff,
    0xff, 0xfb, 0xfe, 0x1, 0xff, 0xff, 0xd7, 0xfe,
    0x0, 0x1b, 0xf9, 0x7, 0xfe,

    /* U+0076 "v" */
    0x3f, 0xf0, 0x0, 0x0, 0x2f, 0xf4, 0xbf, 0xd0,
    0x0, 0x0, 0xff, 0xc1, 0xff, 0xc0, 0x0, 0x7,
    0xfe, 0x3, 0xff, 0x0, 0x0, 0x2f, 0xf4, 0xb,
    0xfd, 0x0, 0x0, 0xff, 0xc0, 0x1f, 0xf8, 0x0,
    0x7, 0xfe, 0x0, 0x3f, 0xf0, 0x0, 0x2f, 0xf4,
    0x0, 0xbf, 0xd0, 0x0, 0xff, 0xc0, 0x0, 0xff,
    0x80, 0x7, 0xfe, 0x0, 0x3, 0xff, 0x0, 0x2f,
    0xf0, 0x0, 0x7, 0xfd, 0x0, 0xff, 0xc0, 0x0,
    0xf, 0xf8, 0x7, 0xfe, 0x0, 0x0, 0x3f, 0xf0,
    0x2f, 0xf0, 0x0, 0x0, 0x7f, 0xd0, 0xff, 0xc0,
    0x0, 0x0, 0xff, 0x87, 0xfd, 0x0, 0x0, 0x2,
    0xff, 0x2f, 0xf0, 0x0, 0x0, 0x7, 0xfd, 0xff,
    0x80, 0x0, 0x0, 0xf, 0xff, 0xfd, 0x0, 0x0,
    0x0, 0x2f, 0xff, 0xf0, 0x0, 0x0, 0x0, 0x7f,
    0xff, 0x80, 0x0, 0x0, 0x0, 0xff, 0xfd, 0x0,
    0x0, 0x0, 0x2, 0xff, 0xf0, 0x0, 0x0, 0x0,
    0x3, 0xff, 0x80, 0x0, 0x0, 0x0, 0xf, 0xfc,
    0x0, 0x0, 0x0, 0x0, 0x2f, 0xf0, 0x0, 0x0,

    /* U+0077 "w" */
    0xbf, 0xd0, 0x0, 0x2, 0xfd, 0x0, 0x0, 0x2f,
    0xf5, 0xff, 0x80, 0x0, 0xf, 0xf8, 0x0, 0x0,
    0xff, 0xc3, 0xff, 0x0, 0x0, 0x3f, 0xf0, 0x0,
    0x3, 0xff, 0xf, 0xfd, 0x0, 0x2, 0xff, 0xd0,
    0x0, 0x2f, 0xf8, 0x1f, 0xf8, 0x0, 0xf, 0xff,
    0x80, 0x0, 0xff, 0xc0, 0x3f, 0xf0, 0x0, 0x3f,
    0xff, 0x0, 0x3, 0xff, 0x0, 0xff, 0xc0, 0x1,
    0xff, 0xfc, 0x0, 0x1f, 0xf8, 0x2, 0xff, 0x40,
    0xf, 0xff, 0xf8, 0x0, 0xbf, 0xd0, 0x3, 0xfe,
    0x0, 0x3f, 0xdf, 0xf0, 0x3, 0xff, 0x0, 0xf,
    0xfc, 0x1, 0xfe, 0x3f, 0xc0, 0xf, 0xf8, 0x0,
    0x2f, 0xf0, 0xb, 0xf4, 0xbf, 0x40, 0x7f, 0xd0,
    0x0, 0x7f, 0xd0, 0x3f, 0xc1, 0xff, 0x2, 0xff,
    0x0, 0x0, 0xff, 0x81, 0xff, 0x3, 0xfc, 0xf,
    0xf8, 0x0, 0x2, 0xff, 0xb, 0xf8, 0xf, 0xf4,
    0x3f, 0xd0, 0x0, 0x7, 0xfc, 0x3f, 0xd0, 0x2f,
    0xe1, 0xff, 0x0, 0x0, 0xf, 0xf5, 0xff, 0x0,
    0x7f, 0xcb, 0xfc, 0x0, 0x0, 0x2f, 0xeb, 0xf8,
    0x0, 0xff, 0x7f, 0xd0, 0x0, 0x0, 0x7f, 0xff,
    0xd0, 0x2, 0xff, 0xff, 0x0, 0x0, 0x0, 0xff,
    0xff, 0x0, 0x7, 0xff, 0xfc, 0x0, 0x0, 0x3,
    0xff, 0xfc, 0x0, 0xf, 0xff, 0xe0, 0x0, 0x0,
    0x7, 0xff, 0xe0, 0x0, 0x3f, 0xff, 0x0, 0x0,
    0x0, 0xf, 0xff, 0x40, 0x0, 0xbf, 0xfc, 0x0,
    0x0, 0x0, 0x3f, 0xfc, 0x0, 0x0, 0xff, 0xe0,
    0x0, 0x0, 0x0, 0xbf, 0xe0, 0x0, 0x3, 0xff,
    0x40, 0x0, 0x0, 0x0, 0xff, 0x40, 0x0, 0xb,
    0xfc, 0x0, 0x0,

    /* U+0078 "x" */
    0x3f, 0xfc, 0x0, 0x0, 0xff, 0xf0, 0x3f, 0xf8,
    0x0, 0x7, 0xff, 0x40, 0xbf, 0xf0, 0x0, 0x3f,
    0xf8, 0x0, 0xff, 0xf0, 0x2, 0xff, 0xc0, 0x0,
    0xff, 0xd0, 0x1f, 0xfd, 0x0, 0x2, 0xff, 0xc0,
    0xff, 0xe0, 0x0, 0x3, 0xff, 0x87, 0xff, 0x0,
    0x0, 0x7, 0xff, 0x7f, 0xf4, 0x0, 0x0, 0xb,
    0xff, 0xff, 0x80, 0x0, 0x0, 0xf, 0xff, 0xfc,
    0x0, 0x0, 0x0, 0x1f, 0xff, 0xd0, 0x0, 0x0,
    0x0, 0x2f, 0xff, 0x0, 0x0, 0x0, 0x0, 0x7f,
    0xf8, 0x0, 0x0, 0x0, 0x3, 0xff, 0xf0, 0x0,
    0x0, 0x0, 0x2f, 0xff, 0xf0, 0x0, 0x0, 0x1,
    0xff, 0xff, 0xd0, 0x0, 0x0, 0xf, 0xff, 0xff,
    0xc0, 0x0, 0x0, 0xbf, 0xf3, 0xff, 0x80, 0x0,
    0x7, 0xff, 0x47, 0xff, 0x40, 0x0, 0x3f, 0xfc,
    0xb, 0xff, 0x0, 0x2, 0xff, 0xc0, 0xf, 0xfe,
    0x0, 0xf, 0xfe, 0x0, 0x1f, 0xfd, 0x0, 0xff,
    0xf0, 0x0, 0x3f, 0xfc, 0xb, 0xff, 0x40, 0x0,
    0x3f, 0xf8, 0x3f, 0xf8, 0x0, 0x0, 0xbf, 0xf4,

    /* U+0079 "y" */
    0x3f, 0xf0, 0x0, 0x0, 0x2f, 0xf8, 0xbf, 0xd0,
    0x0, 0x0, 0xff, 0xc1, 0xff, 0x80, 0x0, 0x7,
    0xff, 0x3, 0xff, 0x0, 0x0, 0x2f, 0xf4, 0xb,
    0xfd, 0x0, 0x0, 0xff, 0xc0, 0x1f, 0xf8, 0x0,
    0x7, 0xff, 0x0, 0x3f, 0xf0, 0x0, 0x2f, 0xf4,
    0x0, 0xbf, 0xd0, 0x0, 0xff, 0xc0, 0x0, 0xff,
    0x80, 0x7, 0xfe, 0x0, 0x3, 0xff, 0x0, 0x2f,
    0xf4, 0x0, 0x7, 0xfd, 0x0, 0xff, 0xc0, 0x0,
    0xf, 0xf8, 0x7, 0xfe, 0x0, 0x0, 0x2f, 0xf0,
    0x2f, 0xf4, 0x0, 0x0, 0x7f, 0xd0, 0xff, 0xc0,
    0x0, 0x0, 0xff, 0x87, 0xfe, 0x0, 0x0, 0x2,
    0xff, 0x2f, 0xf4, 0x0, 0x0, 0x7, 0xfd, 0xff,
    0xc0, 0x0, 0x0, 0xf, 0xff, 0xfe, 0x0, 0x0,
    0x0, 0x2f, 0xff, 0xf4, 0x0, 0x0, 0x0, 0x3f,
    0xff, 0xc0, 0x0, 0x0, 0x0, 0xff, 0xfe, 0x0,
    0x0, 0x0, 0x1, 0xff, 0xf0, 0x0, 0x0, 0x0,
    0x3, 0xff, 0xc0, 0x0, 0x0, 0x0, 0xb, 0xfe,
    0x0, 0x0, 0x0, 0x0, 0x2f, 0xf0, 0x0, 0x0,
    0x0, 0x0, 0xff, 0xc0, 0x0, 0x0, 0x0, 0x7,
    0xfd, 0x0, 0x0, 0x0, 0x0, 0x2f, 0xf0, 0x0,
    0x0, 0x0, 0x0, 0xff, 0xc0, 0x0, 0x0, 0x0,
    0xb, 0xfd, 0x0, 0x0, 0x0, 0xa, 0xff, 0xf0,
    0x0, 0x0, 0x0, 0x7f, 0xff, 0x80, 0x0, 0x0,
    0x1, 0xff, 0xfc, 0x0, 0x0, 0x0, 0x7, 0xff,
    0xc0, 0x0, 0x0, 0x0, 0x1f, 0xe4, 0x0, 0x0,
    0x0, 0x0,

    /* U+007A "z" */
    0x2f, 0xff, 0xff, 0xff, 0xfc, 0xbf, 0xff, 0xff,
    0xff, 0xf2, 0xff, 0xff, 0xff, 0xff, 0xcb, 0xff,
    0xff, 0xff, 0xff, 0x15, 0x55, 0x55, 0xbf, 0xf4,
    0x0, 0x0, 0x3, 0xff, 0x80, 0x0, 0x0, 0x2f,
    0xfc, 0x0, 0x0, 0x1, 0xff, 0xc0, 0x0, 0x0,
    0xf, 0xfd, 0x0, 0x0, 0x0, 0xff, 0xe0, 0x0,
    0x0, 0xb, 0xff, 0x0, 0x0, 0x0, 0x7f, 0xf0,
    0x0, 0x0, 0x3, 0xff, 0x40, 0x0, 0x0, 0x3f,
    0xf8, 0x0, 0x0, 0x2, 0xff, 0xc0, 0x0, 0x0,
    0x1f, 0xfc, 0x0, 0x0, 0x0, 0xff, 0xd0, 0x0,
    0x0, 0xf, 0xfe, 0x0, 0x0, 0x0, 0xbf, 0xf0,
    0x0, 0x0, 0x3, 0xff, 0x0, 0x0, 0x0, 0x3f,
    0xfe, 0xaa, 0xaa, 0xa9, 0xff, 0xff, 0xff, 0xff,
    0xf7, 0xff, 0xff, 0xff, 0xff, 0xdf, 0xff, 0xff,
    0xff, 0xff, 0x7f, 0xff, 0xff, 0xff, 0xfc,

    /* U+007B "{" */
    0x0, 0xb, 0xff, 0x40, 0xb, 0xff, 0xd0, 0x7,
    0xff, 0xf4, 0x3, 0xff, 0x40, 0x0, 0xff, 0x80,
    0x0, 0x3f, 0xd0, 0x0, 0xf, 0xf0, 0x0, 0x3,
    0xfc, 0x0, 0x0, 0xff, 0x0, 0x0, 0x3f, 0xc0,
    0x0, 0xf, 0xf0, 0x0, 0x3, 0xfc, 0x0, 0x0,
    0xff, 0x0, 0x0, 0x3f, 0xc0, 0x0, 0x1f, 0xf0,
    0x0, 0xb, 0xfc, 0x0, 0x3, 0xfd, 0x0, 0x7,
    0xff, 0x0, 0xb, 0xff, 0x0, 0x2, 0xff, 0x0,
    0x0, 0xbf, 0xf0, 0x0, 0xb, 0xfe, 0x0, 0x0,
    0x7f, 0xd0, 0x0, 0xf, 0xf8, 0x0, 0x1, 0xff,
    0x0, 0x0, 0x7f, 0xc0, 0x0, 0xf, 0xf0, 0x0,
    0x3, 0xfc, 0x0, 0x0, 0xff, 0x0, 0x0, 0x3f,
    0xc0, 0x0, 0xf, 0xf0, 0x0, 0x3, 0xfc, 0x0,
    0x0, 0xff, 0x0, 0x0, 0x3f, 0xc0, 0x0, 0xf,
    0xf4, 0x0, 0x3, 0xfe, 0x0, 0x0, 0xff, 0xd0,
    0x0, 0x1f, 0xff, 0xd0, 0x2, 0xff, 0xf4, 0x0,
    0x1f, 0xfd,

    /* U+007C "|" */
    0xfe, 0xfe, 0xfe, 0xfe, 0xfe, 0xfe, 0xfe, 0xfe,
    0xfe, 0xfe, 0xfe, 0xfe, 0xfe, 0xfe, 0xfe, 0xfe,
    0xfe, 0xfe, 0xfe, 0xfe, 0xfe, 0xfe, 0xfe, 0xfe,
    0xfe, 0xfe, 0xfe, 0xfe, 0xfe, 0xfe, 0xfe, 0xfe,
    0xfe, 0xfe, 0xfe,

    /* U+007D "}" */
    0x7f, 0xf8, 0x0, 0x1f, 0xff, 0xc0, 0x7, 0xff,
    0xf8, 0x0, 0x7, 0xff, 0x0, 0x0, 0xbf, 0xc0,
    0x0, 0xf, 0xf0, 0x0, 0x3, 0xfc, 0x0, 0x0,
    0xff, 0x0, 0x0, 0x3f, 0xc0, 0x0, 0xf, 0xf0,
    0x0, 0x3, 0xfc, 0x0, 0x0, 0xff, 0x0, 0x0,
    0x3f, 0xc0, 0x0, 0xf, 0xf4, 0x0, 0x3, 0xfd,
    0x0, 0x0, 0xff, 0x80, 0x0, 0x1f, 0xf0, 0x0,
    0x3, 0xff, 0x0, 0x0, 0x7f, 0xf8, 0x0, 0x7,
    0xff, 0x0, 0x1, 0xff, 0xc0, 0x1, 0xff, 0xe0,
    0x0, 0xff, 0xc0, 0x0, 0x7f, 0xc0, 0x0, 0x3f,
    0xe0, 0x0, 0xf, 0xf4, 0x0, 0x3, 0xfc, 0x0,
    0x0, 0xff, 0x0, 0x0, 0x3f, 0xc0, 0x0, 0xf,
    0xf0, 0x0, 0x3, 0xfc, 0x0, 0x0, 0xff, 0x0,
    0x0, 0x3f, 0xc0, 0x0, 0xf, 0xf0, 0x0, 0x3,
    0xfc, 0x0, 0x2, 0xff, 0x0, 0x1, 0xff, 0xc0,
    0x1f, 0xff, 0xd0, 0x7, 0xff, 0xf0, 0x1, 0xff,
    0xe0, 0x0,

    /* U+007E "~" */
    0x0, 0x0, 0x0, 0x0, 0x0, 0x0, 0x1b, 0xf9,
    0x0, 0x0, 0x8, 0xb, 0xff, 0xfd, 0x0, 0x3,
    0xc1, 0xff, 0xff, 0xfe, 0x0, 0xff, 0x3f, 0xff,
    0xff, 0xff, 0xff, 0xe7, 0xf4, 0x7, 0xff, 0xff,
    0xfc, 0x3d, 0x0, 0x6, 0xff, 0xff, 0x1, 0x80,
    0x0, 0x1, 0xff, 0x80, 0x0, 0x0, 0x0, 0x0,
    0x0, 0x0
};


/*---------------------
 *  GLYPH DESCRIPTION
 *--------------------*/

static const lv_font_fmt_txt_glyph_dsc_t glyph_dsc[] = {
    {.bitmap_index = 0, .adv_w = 0, .box_w = 0, .box_h = 0, .ofs_x = 0, .ofs_y = 0} /* id = 0 reserved */,
    {.bitmap_index = 0, .adv_w = 184, .box_w = 0, .box_h = 0, .ofs_x = 0, .ofs_y = 0},
    {.bitmap_index = 0, .adv_w = 198, .box_w = 7, .box_h = 35, .ofs_x = 3, .ofs_y = 0},
    {.bitmap_index = 62, .adv_w = 224, .box_w = 10, .box_h = 9, .ofs_x = 2, .ofs_y = 26},
    {.bitmap_index = 85, .adv_w = 369, .box_w = 23, .box_h = 35, .ofs_x = 0, .ofs_y = 0},
    {.bitmap_index = 287, .adv_w = 369, .box_w = 22, .box_h = 44, .ofs_x = 0, .ofs_y = -5},
    {.bitmap_index = 529, .adv_w = 398, .box_w = 21, .box_h = 35, .ofs_x = 2, .ofs_y = 0},
    {.bitmap_index = 713, .adv_w = 498, .box_w = 31, .box_h = 35, .ofs_x = 1, .ofs_y = 0},
    {.bitmap_index = 985, .adv_w = 184, .box_w = 6, .box_h = 9, .ofs_x = 3, .ofs_y = 26},
    {.bitmap_index = 999, .adv_w = 213, .box_w = 11, .box_h = 40, .ofs_x = 2, .ofs_y = -5},
    {.bitmap_index = 1109, .adv_w = 213, .box_w = 10, .box_h = 40, .ofs_x = 1, .ofs_y = -5},
    {.bitmap_index = 1209, .adv_w = 270, .box_w = 15, .box_h = 15, .ofs_x = 1, .ofs_y = 20},
    {.bitmap_index = 1266, .adv_w = 461, .box_w = 25, .box_h = 25, .ofs_x = 2, .ofs_y = 0},
    {.bitmap_index = 1423, .adv_w = 184, .box_w = 6, .box_h = 9, .ofs_x = 3, .ofs_y = -4},
    {.bitmap_index = 1437, .adv_w = 312, .box_w = 16, .box_h = 5, .ofs_x = 2, .ofs_y = 11},
    {.bitmap_index = 1457, .adv_w = 184, .box_w = 6, .box_h = 5, .ofs_x = 3, .ofs_y = 0},
    {.bitmap_index = 1465, .adv_w = 255, .box_w = 16, .box_h = 35, .ofs_x = 0, .ofs_y = 0},
    {.bitmap_index = 1605, .adv_w = 369, .box_w = 21, .box_h = 35, .ofs_x = 1, .ofs_y = 0},
    {.bitmap_index = 1789, .adv_w = 259, .box_w = 10, .box_h = 35, .ofs_x = 3, .ofs_y = 0},
    {.bitmap_index = 1877, .adv_w = 369, .box_w = 21, .box_h = 35, .ofs_x = 1, .ofs_y = 0},
    {.bitmap_index = 2061, .adv_w = 369, .box_w = 21, .box_h = 35, .ofs_x = 0, .ofs_y = 0},
    {.bitmap_index = 2245, .adv_w = 369, .box_w = 23, .box_h = 35, .ofs_x = 0, .ofs_y = 0},
    {.bitmap_index = 2447, .adv_w = 369, .box_w = 21, .box_h = 35, .ofs_x = 1, .ofs_y = 0},
    {.bitmap_index = 2631, .adv_w = 372, .box_w = 20, .box_h = 35, .ofs_x = 2, .ofs_y = 0},
    {.bitmap_index = 2806, .adv_w = 369, .box_w = 20, .box_h = 35, .ofs_x = 2, .ofs_y = 0},
    {.bitmap_index = 2981, .adv_w = 369, .box_w = 21, .box_h = 35, .ofs_x = 1, .ofs_y = 0},
    {.bitmap_index = 3165, .adv_w = 379, .box_w = 20, .box_h = 35, .ofs_x = 2, .ofs_y = 0},
    {.bitmap_index = 3340, .adv_w = 184, .box_w = 6, .box_h = 16, .ofs_x = 3, .ofs_y = 0},
    {.bitmap_index = 3364, .adv_w = 184, .box_w = 6, .box_h = 20, .ofs_x = 3, .ofs_y = -4},
    {.bitmap_index = 3394, .adv_w = 469, .box_w = 25, .box_h = 26, .ofs_x = 2, .ofs_y = 0},
    {.bitmap_index = 3557, .adv_w = 461, .box_w = 25, .box_h = 14, .ofs_x = 2, .ofs_y = 6},
    {.bitmap_index = 3645, .adv_w = 455, .box_w = 25, .box_h = 26, .ofs_x = 2, .ofs_y = 0},
    {.bitmap_index = 3808, .adv_w = 356, .box_w = 19, .box_h = 35, .ofs_x = 1, .ofs_y = 0},
    {.bitmap_index = 3975, .adv_w = 614, .box_w = 36, .box_h = 35, .ofs_x = 1, .ofs_y = 0},
    {.bitmap_index = 4290, .adv_w = 479, .box_w = 30, .box_h = 35, .ofs_x = 0, .ofs_y = 0},
    {.bitmap_index = 4553, .adv_w = 468, .box_w = 25, .box_h = 35, .ofs_x = 3, .ofs_y = 0},
    {.bitmap_index = 4772, .adv_w = 427, .box_w = 25, .box_h = 35, .ofs_x = 2, .ofs_y = 0},
    {.bitmap_index = 4991, .adv_w = 484, .box_w = 25, .box_h = 35, .ofs_x = 3, .ofs_y = 0},
    {.bitmap_index = 5210, .adv_w = 427, .box_w = 23, .box_h = 35, .ofs_x = 3, .ofs_y = 0},
    {.bitmap_index = 5412, .adv_w = 412, .box_w = 23, .box_h = 35, .ofs_x = 3, .ofs_y = 0},
    {.bitmap_index = 5614, .adv_w = 468, .box_w = 25, .box_h = 35, .ofs_x = 2, .ofs_y = 0},
    {.bitmap_index = 5833, .adv_w = 498, .box_w = 25, .box_h = 35, .ofs_x = 3, .ofs_y = 0},
    {.bitmap_index = 6052, .adv_w = 198, .box_w = 6, .box_h = 35, .ofs_x = 3, .ofs_y = 0},
    {.bitmap_index = 6105, .adv_w = 369, .box_w = 20, .box_h = 35, .ofs_x = 0, .ofs_y = 0},
    {.bitmap_index = 6280, .adv_w = 484, .box_w = 28, .box_h = 35, .ofs_x = 3, .ofs_y = 0},
    {.bitmap_index = 6525, .adv_w = 427, .box_w = 23, .box_h = 35, .ofs_x = 3, .ofs_y = 0},
    {.bitmap_index = 6727, .adv_w = 582, .box_w = 30, .box_h = 35, .ofs_x = 3, .ofs_y = 0},
    {.bitmap_index = 6990, .adv_w = 525, .box_w = 27, .box_h = 35, .ofs_x = 3, .ofs_y = 0},
    {.bitmap_index = 7227, .adv_w = 468, .box_w = 25, .box_h = 35, .ofs_x = 2, .ofs_y = 0},
    {.bitmap_index = 7446, .adv_w = 455, .box_w = 25, .box_h = 35, .ofs_x = 3, .ofs_y = 0},
    {.bitmap_index = 7665, .adv_w = 468, .box_w = 29, .box_h = 36, .ofs_x = 2, .ofs_y = -1},
    {.bitmap_index = 7926, .adv_w = 468, .box_w = 26, .box_h = 35, .ofs_x = 3, .ofs_y = 0},
    {.bitmap_index = 8154, .adv_w = 441, .box_w = 26, .box_h = 35, .ofs_x = 0, .ofs_y = 0},
    {.bitmap_index = 8382, .adv_w = 384, .box_w = 24, .box_h = 35, .ofs_x = 0, .ofs_y = 0},
    {.bitmap_index = 8592, .adv_w = 484, .box_w = 25, .box_h = 35, .ofs_x = 3, .ofs_y = 0},
    {.bitmap_index = 8811, .adv_w = 427, .box_w = 27, .box_h = 35, .ofs_x = 0, .ofs_y = 0},
    {.bitmap_index = 9048, .adv_w = 639, .box_w = 40, .box_h = 35, .ofs_x = 0, .ofs_y = 0},
    {.bitmap_index = 9398, .adv_w = 411, .box_w = 28, .box_h = 35, .ofs_x = -1, .ofs_y = 0},
    {.bitmap_index = 9643, .adv_w = 384, .box_w = 26, .box_h = 35, .ofs_x = -1, .ofs_y = 0},
    {.bitmap_index = 9871, .adv_w = 398, .box_w = 23, .box_h = 35, .ofs_x = 1, .ofs_y = 0},
    {.bitmap_index = 10073, .adv_w = 213, .box_w = 10, .box_h = 40, .ofs_x = 3, .ofs_y = -5},
    {.bitmap_index = 10173, .adv_w = 264, .box_w = 16, .box_h = 35, .ofs_x = 0, .ofs_y = 0},
    {.bitmap_index = 10313, .adv_w = 213, .box_w = 9, .box_h = 40, .ofs_x = 1, .ofs_y = -5},
    {.bitmap_index = 10403, .adv_w = 416, .box_w = 24, .box_h = 21, .ofs_x = 1, .ofs_y = 14},
    {.bitmap_index = 10529, .adv_w = 384, .box_w = 25, .box_h = 3, .ofs_x = 0, .ofs_y = -6},
    {.bitmap_index = 10548, .adv_w = 188, .box_w = 12, .box_h = 7, .ofs_x = 0, .ofs_y = 28},
    {.bitmap_index = 10569, .adv_w = 369, .box_w = 20, .box_h = 25, .ofs_x = 1, .ofs_y = 0},
    {.bitmap_index = 10694, .adv_w = 398, .box_w = 20, .box_h = 35, .ofs_x = 3, .ofs_y = 0},
    {.bitmap_index = 10869, .adv_w = 341, .box_w = 21, .box_h = 25, .ofs_x = 1, .ofs_y = 0},
    {.bitmap_index = 11001, .adv_w = 398, .box_w = 20, .box_h = 35, .ofs_x = 3, .ofs_y = 0},
    {.bitmap_index = 11176, .adv_w = 382, .box_w = 21, .box_h = 25, .ofs_x = 1, .ofs_y = 0},
    {.bitmap_index = 11308, .adv_w = 213, .box_w = 13, .box_h = 35, .ofs_x = 1, .ofs_y = 0},
    {.bitmap_index = 11422, .adv_w = 398, .box_w = 20, .box_h = 35, .ofs_x = 2, .ofs_y = -10},
    {.bitmap_index = 11597, .adv_w = 412, .box_w = 20, .box_h = 35, .ofs_x = 3, .ofs_y = 0},
    {.bitmap_index = 11772, .adv_w = 184, .box_w = 6, .box_h = 35, .ofs_x = 3, .ofs_y = 0},
    {.bitmap_index = 11825, .adv_w = 198, .box_w = 10, .box_h = 45, .ofs_x = -1, .ofs_y = -10},
    {.bitmap_index = 11938, .adv_w = 398, .box_w = 22, .box_h = 35, .ofs_x = 3, .ofs_y = 0},
    {.bitmap_index = 12131, .adv_w = 198, .box_w = 9, .box_h = 35, .ofs_x = 3, .ofs_y = 0},
    {.bitmap_index = 12210, .adv_w = 654, .box_w = 35, .box_h = 25, .ofs_x = 3, .ofs_y = 0},
    {.bitmap_index = 12429, .adv_w = 412, .box_w = 20, .box_h = 25, .ofs_x = 3, .ofs_y = 0},
    {.bitmap_index = 12554, .adv_w = 384, .box_w = 21, .box_h = 25, .ofs_x = 2, .ofs_y = 0},
    {.bitmap_index = 12686, .adv_w = 398, .box_w = 20, .box_h = 35, .ofs_x = 3, .ofs_y = -10},
    {.bitmap_index = 12861, .adv_w = 398, .box_w = 20, .box_h = 35, .ofs_x = 2, .ofs_y = -10},
    {.bitmap_index = 13036, .adv_w = 299, .box_w = 17, .box_h = 25, .ofs_x = 3, .ofs_y = 0},
    {.bitmap_index = 13143, .adv_w = 369, .box_w = 22, .box_h = 25, .ofs_x = 0, .ofs_y = 0},
    {.bitmap_index = 13281, .adv_w = 213, .box_w = 11, .box_h = 35, .ofs_x = 1, .ofs_y = 0},
    {.bitmap_index = 13378, .adv_w = 412, .box_w = 20, .box_h = 25, .ofs_x = 3, .ofs_y = 0},
    {.bitmap_index = 13503, .adv_w = 341, .box_w = 23, .box_h = 25, .ofs_x = -1, .ofs_y = 0},
    {.bitmap_index = 13647, .adv_w = 554, .box_w = 35, .box_h = 25, .ofs_x = 0, .ofs_y = 0},
    {.bitmap_index = 13866, .adv_w = 369, .box_w = 23, .box_h = 25, .ofs_x = 0, .ofs_y = 0},
    {.bitmap_index = 14010, .adv_w = 341, .box_w = 23, .box_h = 35, .ofs_x = -1, .ofs_y = -10},
    {.bitmap_index = 14212, .adv_w = 341, .box_w = 19, .box_h = 25, .ofs_x = 1, .ofs_y = 0},
    {.bitmap_index = 14331, .adv_w = 225, .box_w = 13, .box_h = 40, .ofs_x = 1, .ofs_y = -5},
    {.bitmap_index = 14461, .adv_w = 125, .box_w = 4, .box_h = 35, .ofs_x = 2, .ofs_y = 0},
    {.bitmap_index = 14496, .adv_w = 125, .box_w = 13, .box_h = 40, .ofs_x = 0, .ofs_y = -5},
    {.bitmap_index = 14626, .adv_w = 385, .box_w = 22, .box_h = 9, .ofs_x = 1, .ofs_y = 8}
};

/*---------------------
 *  CHARACTER MAPPING
 *--------------------*/



/*Collect the unicode lists and glyph_id offsets*/
static const lv_font_fmt_txt_cmap_t cmaps[] =
{
    {
        .range_start = 32, .range_length = 95, .glyph_id_start = 1,
        .unicode_list = NULL, .glyph_id_ofs_list = NULL, .list_length = 0, .type = LV_FONT_FMT_TXT_CMAP_FORMAT0_TINY
    }
};



/*--------------------
 *  ALL CUSTOM DATA
 *--------------------*/

#if LVGL_VERSION_MAJOR == 8
/*Store all the custom data of the font*/
static  lv_font_fmt_txt_glyph_cache_t cache;
#endif

#if LVGL_VERSION_MAJOR >= 8
static const lv_font_fmt_txt_dsc_t font_dsc = {
#else
static lv_font_fmt_txt_dsc_t font_dsc = {
#endif
    .glyph_bitmap = glyph_bitmap,
    .glyph_dsc = glyph_dsc,
    .cmaps = cmaps,
    .kern_dsc = NULL,
    .kern_scale = 0,
    .cmap_num = 1,
    .bpp = 2,
    .kern_classes = 0,
    .bitmap_format = 0,
#if LVGL_VERSION_MAJOR == 8
    .cache = &cache
#endif

};



/*-----------------
 *  PUBLIC FONT
 *----------------*/

/*Initialize a public general font descriptor*/
#if LVGL_VERSION_MAJOR >= 8
const lv_font_t din1451_48 = {
#else
lv_font_t din1451_48 = {
#endif
    .get_glyph_dsc = lv_font_get_glyph_dsc_fmt_txt,    /*Function pointer to get glyph's data*/
    .get_glyph_bitmap = lv_font_get_bitmap_fmt_txt,    /*Function pointer to get glyph's bitmap*/
    .line_height = 49,          /*The maximum line height required by the font*/
    .base_line = 10,             /*Baseline measured from the bottom of the line*/
#if !(LVGL_VERSION_MAJOR == 6 && LVGL_VERSION_MINOR == 0)
    .subpx = LV_FONT_SUBPX_NONE,
#endif
#if LV_VERSION_CHECK(7, 4, 0) || LVGL_VERSION_MAJOR >= 8
    .underline_position = 0,
    .underline_thickness = 0,
#endif
    .dsc = &font_dsc,          /*The custom font data. Will be accessed by `get_glyph_bitmap/dsc` */
#if LV_VERSION_CHECK(8, 2, 0) || LVGL_VERSION_MAJOR >= 9
    .fallback = NULL,
#endif
    .user_data = NULL,
};



#endif /*#if DIN1451_48*/
